image_id,tag,tag_int,x,y,w,h,x1,y1,x2,y2,img_h,img_w
o-bc6a280676604cf3a129f4466d5dd38e,cell,0,0.9103585479999999,0.49548679999999995,0.08366534,0.087649405,819.3226932,445.93812,894.6214992,524.8225845000002,900,900
o-bc6a280676604cf3a129f4466d5dd38e,cell,0,0.019411003200000002,0.421219945,0.05903224,0.07870108,17.46990288,379.0979505,70.59891888,449.92892249999994,900,900
o-bc6a280676604cf3a129f4466d5dd38e,cell,0,0.09760956470000001,0.19468998899999998,0.11354582,0.107569724,87.84860823,175.2209901,190.03984623,272.0337417,900,900
o-bc6a280676604cf3a129f4466d5dd38e,cell,0,0.3625498,0.06520792,0.09163347,0.07370518,326.29482,58.687128,408.764943,125.02179,900,900
o-bc6a280676604cf3a129f4466d5dd38e,cell,0,0.23370187,0.0463777967,0.09974454,0.103863806,210.331683,41.74001703,300.101769,135.21744243,900,900
o-bc6a280676604cf3a129f4466d5dd38e,cell,0,0.11354582,0.617000759,0.1494024,0.107569724,102.191238,555.3006831,236.653398,652.1134347,900,900
o-bc6a280676604cf3a129f4466d5dd38e,cell,0,0.11354582,0.437717885,0.07968128,0.10358566,102.191238,393.9460965,173.90438999999995,487.17319049999986,900,900
o-fb8f25b4cb3b4b65804bcbaedae192f0,cell,0,0.252563655,0.0745638,0.0684513152,0.0784198046,227.3072895,67.10741999999999,288.91347318,137.68524414,900,900
o-fb8f25b4cb3b4b65804bcbaedae192f0,cell,0,0.5473585,0.7723744,0.0748799443,0.09786569999999999,492.62265,695.1369599999999,560.01459987,783.21609,900,900
o-fb8f25b4cb3b4b65804bcbaedae192f0,cell,0,0.8754073379999999,0.332838684,0.10614524800000001,0.09124767,787.8666042,299.55481560000004,883.3973274,381.67771860000005,900,900
o-fb8f25b4cb3b4b65804bcbaedae192f0,cell,0,0.0,0.34167190000000003,0.0499167778,0.09048339999999999,0.0,307.50471,44.92510002,388.93977,900,900
o-fb8f25b4cb3b4b65804bcbaedae192f0,cell,0,0.615916669,0.8383833,0.0571907759,0.07510972,554.3250021000001,754.54497,605.79670041,822.1437179999999,900,900
o-fb8f25b4cb3b4b65804bcbaedae192f0,cell,0,0.199546024,0.11548648800000001,0.07677139,0.0766363,179.5914216,103.9378392,248.6856726,172.9105092,900,900
o-c31240915e9c45ed95d9fa83f027d40e,cell,0,0.7692621000000001,0.0926152244,0.11359404,0.08193669,692.3358900000001,83.35370196,794.570526,157.09672296,900,900
o-c31240915e9c45ed95d9fa83f027d40e,cell,0,0.277641982,0.345874071,0.100558661,0.07821229,249.8777838,311.2866639,340.3805787,381.6777249,900,900
o-c31240915e9c45ed95d9fa83f027d40e,cell,0,0.505195439,0.67927146,0.07533026,0.07419759,454.67589510000005,611.3443139999999,522.4731291,678.122145,900,900
o-c31240915e9c45ed95d9fa83f027d40e,cell,0,0.662731647,0.6339639,0.0605646372,0.0757615,596.4584823,570.56751,650.96665578,638.7528599999998,900,900
o-c31240915e9c45ed95d9fa83f027d40e,cell,0,0.378568649,0.4019851,0.08384323,0.07398486,340.7117841,361.78659,416.17069110000006,428.37296399999997,900,900
o-c31240915e9c45ed95d9fa83f027d40e,cell,0,0.861694932,0.0,0.0750713348,0.054882817,775.5254388000002,0.0,843.08964012,49.394535299999994,900,900
o-68360aa25cff4a9e8bb5991c1d0385b6,cell,0,0.4741036,0.190705925,0.09960160000000001,0.117529884,426.69324000000006,171.6353325,516.3346799999999,277.41222810000005,900,900
o-68360aa25cff4a9e8bb5991c1d0385b6,cell,0,0.5539908410000001,0.0441862457,0.052465677300000006,0.0721743554,498.5917569,39.76762113,545.81086647,104.72454099,900,900
o-68360aa25cff4a9e8bb5991c1d0385b6,cell,0,0.5678469,0.7707264420000001,0.07761586,0.0604236722,511.06221000000005,693.6537977999999,580.9164840000002,748.03510278,900,900
o-68360aa25cff4a9e8bb5991c1d0385b6,cell,0,0.45960632,0.5731589,0.07674572,0.08415437,413.645688,515.8430099999999,482.71683600000006,591.581943,900,900
o-68360aa25cff4a9e8bb5991c1d0385b6,cell,0,0.5478087660000001,0.208634213,0.08565737,0.08964144,493.0278894,187.7707917,570.1195223999998,268.44808770000003,900,900
o-58b248bb2cec44e5ad7037fff063526f,cell,0,0.8904382590000001,0.5632159000000001,0.09163347,0.0776892453,801.3944331,506.89430999999996,883.8645561000002,576.81463077,900,900
o-58b248bb2cec44e5ad7037fff063526f,cell,0,0.117529884,0.714610338,0.09163347,0.10358566,105.7768956,643.1493042000001,188.2470186,736.3763981999998,900,900
o-58b248bb2cec44e5ad7037fff063526f,cell,0,0.9243028,0.7504668999999999,0.07569721,0.08167331,831.87252,675.42021,900.000009,748.926189,900,900
o-58b248bb2cec44e5ad7037fff063526f,cell,0,0.296255,0.0,0.06557888,0.0704415739,266.6295,0.0,325.650492,63.39741651,900,900
o-58b248bb2cec44e5ad7037fff063526f,cell,0,0.06972112,0.7564429640000001,0.12151394800000001,0.109561756,62.749008,680.7986676,172.11156119999995,779.404248,900,900
o-377dee25ec944df9bc9f510a7154c30e,cell,0,0.434262961,0.109032616,0.07171315,0.0657370538,390.83666489999996,98.12935440000001,455.3784999,157.29270282,900,900
o-377dee25ec944df9bc9f510a7154c30e,cell,0,0.149068534,0.363429844,0.07464723,0.0766345263,134.16168059999998,327.0868596,201.3441876,396.05793327,900,900
o-377dee25ec944df9bc9f510a7154c30e,cell,0,0.19920320000000002,0.158833414,0.0936255,0.087649405,179.28288,142.9500726,263.54582999999997,221.8345371,900,900
o-377dee25ec944df9bc9f510a7154c30e,cell,0,0.8659600000000001,0.483796358,0.09344137,0.06016886230000001,779.3639999999998,435.4167222,863.4612329999999,489.56869827,900,900
o-377dee25ec944df9bc9f510a7154c30e,cell,0,0.425329268,0.8327065999999999,0.06884083,0.0770808458,382.79634120000003,749.4359400000001,444.75308820000004,818.80870122,900,900
o-377dee25ec944df9bc9f510a7154c30e,cell,0,0.8465611999999999,0.178567261,0.06256813,0.051733836500000005,761.90508,160.71053490000003,818.216397,207.27098775,900,900
o-377dee25ec944df9bc9f510a7154c30e,cell,0,0.25571479999999996,0.03606824,0.0747228,0.07499614,230.14332,32.461416,297.39384,99.957942,900,900
o-377dee25ec944df9bc9f510a7154c30e,cell,0,0.7948206999999999,0.9078374,0.157370523,0.09216260000000001,715.3386300000002,817.0536599999999,856.9721007000002,900.0,900,900
o-14410e32e2b847e0acec2d2da5217ac9,cell,0,0.09334186,0.7339015,0.06734434,0.0630329847,84.007674,660.51135,144.61758,717.24103623,900,900
o-14410e32e2b847e0acec2d2da5217ac9,cell,0,0.5418327,0.5413034999999999,0.09760956470000001,0.08366534,487.64943,487.17315,575.4980382299998,562.471956,900,900
o-14410e32e2b847e0acec2d2da5217ac9,cell,0,0.3552464,0.8151036,0.07829246,0.056203305700000004,319.72176,733.59324,390.184974,784.1762151300002,900,900
o-14410e32e2b847e0acec2d2da5217ac9,cell,0,0.312151819,0.913167953,0.07344532,0.07252592,280.93663710000004,821.8511576999998,347.03742509999995,887.1244856999998,900,900
o-2c1c3e46a7354ee49ac761b8dbdf700a,cell,0,0.245818958,0.7667949000000001,0.08601631,0.08785337,221.2370622,690.11541,298.6517412,769.183443,900,900
o-2c1c3e46a7354ee49ac761b8dbdf700a,cell,0,0.251238823,0.46327728,0.07043939999999999,0.07779097559999999,226.11494069999998,416.949552,289.5104007,486.96143004,900,900
o-2c1c3e46a7354ee49ac761b8dbdf700a,cell,0,0.471107185,0.222917974,0.07520002,0.06479299,423.9964665,200.6261766,491.67648449999996,258.9398676,900,900
o-2c1c3e46a7354ee49ac761b8dbdf700a,cell,0,0.01889385,0.17960776399999998,0.10568562199999999,0.09124468,17.004465,161.6469876,112.12152479999999,243.7671996,900,900
o-2c1c3e46a7354ee49ac761b8dbdf700a,cell,0,0.6231021,0.30463433300000003,0.0955734849,0.06713101,560.7918900000001,274.1708997,646.8080264099998,334.58880869999996,900,900
o-2c1c3e46a7354ee49ac761b8dbdf700a,cell,0,0.5158366560000001,0.676250756,0.08708358,0.09908384,464.25299039999993,608.6256804,542.6282123999998,697.8011364,900,900
o-2c1c3e46a7354ee49ac761b8dbdf700a,cell,0,0.7387818690000001,0.5072626,0.0895247459,0.105136156,664.9036821000001,456.53634000000005,745.47595341,551.1588803999999,900,900
o-8b503d94e095407a9e0f0d6b3167158c,cell,0,0.38795805,0.11328093,0.07984698,0.07447659,349.16224500000004,101.952837,421.024527,168.981768,900,900
o-8b503d94e095407a9e0f0d6b3167158c,cell,0,0.5094407,0.113366008,0.0637428761,0.08788729,458.49663,102.0294072,515.86521849,181.12796819999997,900,900
o-619c84a5f515444cbfe60e125eef4f7b,cell,0,0.715139449,0.5134151,0.10557769199999999,0.09163347,643.6255041000002,462.07359,738.6454269000002,544.543713,900,900
o-619c84a5f515444cbfe60e125eef4f7b,cell,0,0.8839085999999999,0.368230134,0.05920583,0.08443758,795.51774,331.40712060000004,848.8029869999999,407.40094260000006,900,900
o-619c84a5f515444cbfe60e125eef4f7b,cell,0,0.7560491559999999,0.223926052,0.07533693,0.0747828,680.4442404,201.5334468,748.2474774,268.8379668,900,900
o-619c84a5f515444cbfe60e125eef4f7b,cell,0,0.32669323699999997,0.4835346,0.0776892453,0.08366534,294.0239133,435.18114,363.94423407,510.479946,900,900
o-619c84a5f515444cbfe60e125eef4f7b,cell,0,0.133466139,0.48154259999999993,0.08167331,0.0776892453,120.11952509999999,433.38834,193.6255041,503.30866077,900,900
o-619c84a5f515444cbfe60e125eef4f7b,cell,0,0.819408059,0.26488274300000003,0.06256193,0.06838733,737.4672531,238.3944687,793.7729901,299.9430657,900,900
o-619c84a5f515444cbfe60e125eef4f7b,cell,0,0.8905431629999999,0.11433848699999999,0.0764448643,0.0672563,801.4888467000002,102.90463829999999,870.2892245700001,163.4353083,900,900
o-619c84a5f515444cbfe60e125eef4f7b,cell,0,0.14342629999999998,0.6847298,0.07569721,0.09561753,129.08366999999998,616.2568200000002,197.211159,702.3125970000001,900,900
o-9a9f5d7ad8a04c75ad9765f6ad405b4c,cell,0,0.1286662,0.777903855,0.0875232741,0.10614524800000001,115.79958,700.1134695000002,194.57052669,795.6441927000002,900,900
o-9a9f5d7ad8a04c75ad9765f6ad405b4c,cell,0,0.30014404699999997,0.11352123300000001,0.057652413799999996,0.07236613,270.1296423,102.1691097,322.01681472,167.2986267,900,900
o-9a9f5d7ad8a04c75ad9765f6ad405b4c,cell,0,0.36146283100000004,0.150147587,0.0825758,0.0784566849,325.3165479,135.1328283,399.63476789999993,205.74384471,900,900
o-9a9f5d7ad8a04c75ad9765f6ad405b4c,cell,0,0.203185573,0.62764585,0.0634617954,0.08317536,182.8670157,564.881265,239.98263156,639.7390889999999,900,900
o-9a9f5d7ad8a04c75ad9765f6ad405b4c,cell,0,0.0178292878,0.8504096,0.07903719,0.0903662443,16.04635902,765.36864,87.17983002,846.69825987,900,900
o-9a9f5d7ad8a04c75ad9765f6ad405b4c,cell,0,0.623156846,0.3496873,0.07480925,0.09027806,560.8411614,314.71857,628.1694864,395.96882400000004,900,900
o-9a9f5d7ad8a04c75ad9765f6ad405b4c,cell,0,0.18750599,0.029339011800000002,0.08152354,0.08748545,168.755391,26.40511062,242.126577,105.14201562,900,900
o-9a9f5d7ad8a04c75ad9765f6ad405b4c,cell,0,0.7075326,0.6376616,0.0603483319,0.0853486657,636.7793399999998,573.89544,691.0928387099998,650.70923913,900,900
o-9a9f5d7ad8a04c75ad9765f6ad405b4c,cell,0,0.8363011999999999,0.938052833,0.06331471,0.06194716,752.67108,844.2475496999998,809.654319,899.9999936999999,900,900
o-1bd92f1fdd1e4ba0817a8b9202dd39b9,cell,0,0.001992032,0.45763820000000005,0.06972112,0.08366534,1.7928288000000001,411.87438,64.5418368,487.17318600000004,900,900
o-1bd92f1fdd1e4ba0817a8b9202dd39b9,cell,0,0.10803726300000001,0.05806909,0.10341218099999999,0.102953985,97.2335367,52.262181,190.3044996,144.9207675,900,900
o-1bd92f1fdd1e4ba0817a8b9202dd39b9,cell,0,0.8833620000000001,0.503521562,0.08843803410000001,0.07019204,795.0258,453.1694058,874.62003069,516.3422418,900,900
o-1bd92f1fdd1e4ba0817a8b9202dd39b9,cell,0,0.0378486067,0.487518668,0.107569724,0.08565737,34.063746030000004,438.76680120000003,130.87649763000002,515.8584341999998,900,900
o-fb0c829d3a024e2a8df6a947cfb37975,cell,0,0.06324212,0.683226645,0.07034889,0.08233023,56.917908,614.9039805,120.231909,689.0011875,900,900
o-fb0c829d3a024e2a8df6a947cfb37975,cell,0,0.17095170899999998,0.7720300999999999,0.08722331,0.0861057639,153.8565381,694.82709,232.3575171,772.32227751,900,900
o-fb0c829d3a024e2a8df6a947cfb37975,cell,0,0.07771724,0.802576065,0.0923636,0.09290272,69.94551600000001,722.3184585,153.07275600000003,805.9309065,900,900
o-58c4411ffe80456db96e59cec80d0b2b,cell,0,0.3667001,0.0998932,0.12324284,0.07635537,330.03009,89.90388,440.948646,158.62371299999998,900,900
o-58c4411ffe80456db96e59cec80d0b2b,cell,0,0.515013039,0.22735834100000002,0.08965776,0.141481057,463.5117351,204.62250690000002,544.2037191000001,331.9554581999999,900,900
o-7598ec672d7f487195a7ab9197bce711,cell,0,0.840637445,0.569192,0.07968128,0.06972112,756.5737005000002,512.2728000000002,828.2868525000001,575.0218080000002,900,900
o-7598ec672d7f487195a7ab9197bce711,cell,0,0.852589667,0.214610308,0.117529884,0.08964144,767.3307003,193.1492772,873.1075958999999,273.8265732,900,900
o-7598ec672d7f487195a7ab9197bce711,cell,0,0.166348115,0.537822545,0.07643521,0.08748609,149.7133035,484.0402905,218.5049925,562.7777715,900,900
o-7598ec672d7f487195a7ab9197bce711,cell,0,0.8944223,0.5911043,0.087649405,0.08366534,804.9800700000001,531.99387,883.8645345000001,607.292676,900,900
o-1fa23e0b71134a8e9795160c425907e6,cell,0,0.45034244700000003,0.22740437100000002,0.0579113662,0.07426076,405.3082023,204.66393390000002,457.42843188,271.49861789999994,900,900
o-1fa23e0b71134a8e9795160c425907e6,cell,0,0.4574861,0.447425216,0.080927074,0.07894197,411.73749,402.68269439999995,484.57185660000005,473.73046739999995,900,900
o-1fa23e0b71134a8e9795160c425907e6,cell,0,0.440674126,0.03224368,0.08393532,0.08099298,396.6067134,29.019312,472.14850139999993,101.912994,900,900
o-1fa23e0b71134a8e9795160c425907e6,cell,0,0.8472400999999999,0.5171115,0.062463104699999994,0.06461197,762.5160900000002,465.40035,818.7328842300002,523.5511230000001,900,900
o-74f06f467e1749e8b7aeb1ef1ece9a0b,cell,0,0.157772377,0.673861742,0.06388883,0.06390726570000001,141.9951393,606.4755677999999,199.49508630000003,663.99210693,900,900
o-74f06f467e1749e8b7aeb1ef1ece9a0b,cell,0,0.14121061599999998,0.7406286,0.06331037,0.06855178,127.0895544,666.56574,184.0688874,728.262342,900,900
o-74f06f467e1749e8b7aeb1ef1ece9a0b,cell,0,0.929576337,0.7447998,0.06379992,0.0584750175,836.6187033,670.31982,894.0386312999999,722.9473357500002,900,900
o-74f06f467e1749e8b7aeb1ef1ece9a0b,cell,0,0.213147417,0.6747696999999999,0.06972112,0.06374502,191.8326753,607.29273,254.5816833,664.6632480000001,900,900
o-74f06f467e1749e8b7aeb1ef1ece9a0b,cell,0,0.04351236,0.06375635,0.0802463144,0.0870924741,39.161124,57.380715,111.38280696,135.76394169,900,900
o-74f06f467e1749e8b7aeb1ef1ece9a0b,cell,0,0.5604185,0.21909435100000002,0.077005744,0.056291148099999994,504.37665,197.1849159,573.6818196,247.84694919,900,900
o-3f558a30d83e4fbe86aa456e182a3f07,cell,0,0.00250858814,0.79152894,0.12622726,0.111989856,2.257729326,712.376046,115.862263326,813.1669164,900,900
o-3f558a30d83e4fbe86aa456e182a3f07,cell,0,0.0,0.6955621,0.0291279554,0.06378740000000001,0.0,626.0058899999998,26.21515986,683.41455,900,900
o-3f558a30d83e4fbe86aa456e182a3f07,cell,0,0.305384666,0.93775624,0.07696393,0.06196606,274.84619940000005,843.980616,344.11373640000005,899.7500699999999,900,900
o-3f558a30d83e4fbe86aa456e182a3f07,cell,0,0.17509357600000003,0.32185590000000003,0.061859116,0.07146534,157.58421840000003,289.67031000000003,213.2574228,353.989116,900,900
o-3f558a30d83e4fbe86aa456e182a3f07,cell,0,0.10262192,0.119229838,0.146331042,0.0870101452,92.359728,107.30685420000002,224.05766580000002,185.61598488,900,900
o-3f558a30d83e4fbe86aa456e182a3f07,cell,0,0.665338635,0.605048537,0.07370518,0.0677290857,598.8047715,544.5436833,665.1394335,605.49986043,900,900
o-3f558a30d83e4fbe86aa456e182a3f07,cell,0,0.35368299999999997,0.0103159957,0.06813043,0.0523934849,318.3147,9.28439613,379.632087,56.43853254,900,900
o-3f558a30d83e4fbe86aa456e182a3f07,cell,0,0.510504961,0.2192666,0.151484281,0.139143914,459.4544649,197.33993999999998,595.7903177999999,322.5694626,900,900
o-965c8171ba494c669756719e67ffec7e,cell,0,0.914625,0.0004084874,0.07620907,0.04686354,823.1625,0.36763866,891.750663,42.54482466,900,900
o-965c8171ba494c669756719e67ffec7e,cell,0,0.188549727,0.183258,0.06519964,0.06264123,169.6947543,164.9322,228.37443030000003,221.309307,900,900
o-965c8171ba494c669756719e67ffec7e,cell,0,0.7948206999999999,0.45763820000000005,0.115537852,0.09561753,715.3386300000002,411.87438,819.3226968000001,497.930157,900,900
o-965c8171ba494c669756719e67ffec7e,cell,0,0.257109433,0.120339319,0.07208836,0.08441393,231.3984897,108.3053871,296.27801370000003,184.27792409999998,900,900
o-2c5bd9ca32714ad0ad24c9a1ce622eb9,cell,0,0.6572158,0.2268926,0.159033686,0.09775694,591.49422,204.20334,734.6245374,292.184586,900,900
o-2c5bd9ca32714ad0ad24c9a1ce622eb9,cell,0,0.39469656299999994,0.5899095999999999,0.0670056045,0.07753217,355.2269067,530.91864,415.53195075,600.697593,900,900
o-2c5bd9ca32714ad0ad24c9a1ce622eb9,cell,0,0.7378398,0.4381349,0.13036482,0.134659946,664.05582,394.32141,781.3841580000002,515.5153614000002,900,900
o-2c5bd9ca32714ad0ad24c9a1ce622eb9,cell,0,0.008360943000000001,0.857862949,0.0504416078,0.0651564151,7.524848699999999,772.0766541,52.92229572,830.71742769,900,900
o-5f4e1cede3864ddcbaeb3bb4f4789f14,cell,0,0.9231130479999999,0.630656064,0.0607252121,0.06650829,830.8017432,567.5904575999998,885.4544340900002,627.4479185999999,900,900
o-5f4e1cede3864ddcbaeb3bb4f4789f14,cell,0,0.44820717,0.4257657,0.10557769199999999,0.09561753,403.38645299999996,383.18913,498.4063758,469.244907,900,900
o-5f4e1cede3864ddcbaeb3bb4f4789f14,cell,0,0.0522582,0.120821662,0.0581286922,0.05516041,47.03238,108.73949579999999,99.34820298,158.3838648,900,900
o-5f4e1cede3864ddcbaeb3bb4f4789f14,cell,0,0.191235065,0.0512636937,0.109561756,0.08366534,172.1115585,46.13732433,270.7171389,121.43613033,900,900
o-5f4e1cede3864ddcbaeb3bb4f4789f14,cell,0,0.557768941,0.613016665,0.0936255,0.07171315,501.99204689999993,551.7149985,586.2549968999999,616.2568335,900,900
o-5f4e1cede3864ddcbaeb3bb4f4789f14,cell,0,0.0,0.8929331,0.06698175,0.08338904379999999,0.0,803.6397900000002,60.283575000000006,878.6899294200001,900,900
o-5f4e1cede3864ddcbaeb3bb4f4789f14,cell,0,0.12350598,0.881940961,0.12151394800000001,0.10358566,111.155382,793.7468649,220.51793519999998,886.9739589,900,900
o-5f4e1cede3864ddcbaeb3bb4f4789f14,cell,0,0.41235059999999996,0.346084416,0.14342629999999998,0.09760956470000001,371.11554,311.4759744,500.19920999999994,399.32458263,900,900
o-5f4e1cede3864ddcbaeb3bb4f4789f14,cell,0,0.312749,0.423773646,0.153386459,0.177290842,281.4741,381.39628139999996,419.5219131,540.9580392000001,900,900
o-5f4e1cede3864ddcbaeb3bb4f4789f14,cell,0,0.5597609,0.2942916,0.09760956470000001,0.0776892453,503.78480999999994,264.86244,591.63341823,334.78276077,900,900
o-9ff930ee37fc42c3a92053434d8cc3ea,cell,0,0.356963724,0.623009264,0.07849462,0.0947843343,321.26735160000004,560.7083376,391.9125096,646.01423847,900,900
o-9ff930ee37fc42c3a92053434d8cc3ea,cell,0,0.08565737,0.8998692629999999,0.0677290857,0.087649405,77.091633,809.8823367000001,138.04781013000002,888.7668012,900,900
o-9ff930ee37fc42c3a92053434d8cc3ea,cell,0,0.6673776,0.36509344,0.0584118366,0.06307182,600.63984,328.584096,653.21049294,385.348734,900,900
o-9ff930ee37fc42c3a92053434d8cc3ea,cell,0,0.5515618320000001,0.7570004459999999,0.055865645400000004,0.06457329,496.4056488,681.3004013999999,546.68472966,739.4163624,900,900
o-9ff930ee37fc42c3a92053434d8cc3ea,cell,0,0.296812743,0.599072456,0.109561756,0.06374502,267.1314687,539.1652104,365.73704910000004,596.5357283999998,900,900
o-9ff930ee37fc42c3a92053434d8cc3ea,cell,0,0.4951718,0.878514349,0.07060039,0.06743163,445.65462,790.6629141000002,509.194971,851.3513811,900,900
o-9ff930ee37fc42c3a92053434d8cc3ea,cell,0,0.8693958,0.26869879999999996,0.0549986362,0.058527886900000006,782.45622,241.82892,831.9549925800002,294.50401821,900,900
o-9ff930ee37fc42c3a92053434d8cc3ea,cell,0,0.7971216999999999,0.8606761999999999,0.06003934,0.07014179,717.40953,774.60858,771.444936,837.736191,900,900
o-c15f881ffd354e889611ae915376cc1d,cell,0,0.4100637,0.535975456,0.0737799257,0.07135698,369.05733,482.3779104,435.45926313,546.5991924,900,900
o-c15f881ffd354e889611ae915376cc1d,cell,0,0.39442232299999996,0.8620207000000001,0.109561756,0.137979329,354.98009069999995,775.81863,453.5856711,900.0000261,900,900
o-c15f881ffd354e889611ae915376cc1d,cell,0,0.09903255,0.39818275,0.04653825,0.06797171,89.129295,358.364475,131.01372,419.539014,900,900
o-c15f881ffd354e889611ae915376cc1d,cell,0,0.33067729999999995,0.433733821,0.08565737,0.087649405,297.60957,390.3604389,374.70120299999996,469.2449034,900,900
o-c15f881ffd354e889611ae915376cc1d,cell,0,0.249003991,0.83014816,0.173306778,0.16985184,224.10359190000003,747.1333440000001,380.0796921,900.0,900,900
o-b84669e6c077458f8d54e18c0fabe960,cell,0,0.7003608,0.8486674000000001,0.07821229,0.102420859,630.3247200000001,763.80066,700.715781,855.9794331,900,900
o-b84669e6c077458f8d54e18c0fabe960,cell,0,0.8027816409999999,0.494849861,0.07821229,0.08566108,722.5034768999999,445.36487489999996,792.8945378999999,522.4598469,900,900
o-b84669e6c077458f8d54e18c0fabe960,cell,0,0.27950418,0.5488536,0.0875232741,0.102420859,251.553762,493.96824,330.32470869,586.1470131000002,900,900
o-b84669e6c077458f8d54e18c0fabe960,cell,0,0.316748142,0.481814474,0.0837988853,0.08193669,285.0733278,433.6330266,360.49232457000005,507.3760476,900,900
o-b84669e6c077458f8d54e18c0fabe960,cell,0,0.5830424,0.10006400900000001,0.09497207,0.10614524800000001,524.73816,90.0576081,610.213023,185.58833130000002,900,900
o-b84669e6c077458f8d54e18c0fabe960,cell,0,0.6295973000000001,0.263937384,0.12476722900000001,0.08193669,566.63757,237.5436456,678.9280761,311.28666660000005,900,900
o-b84669e6c077458f8d54e18c0fabe960,cell,0,0.6538058520000001,0.15592993800000002,0.09124767,0.0707635,588.4252667999998,140.33694419999998,670.5481697999999,204.02409419999998,900,900
o-b84669e6c077458f8d54e18c0fabe960,cell,0,0.5104167000000001,0.08702863,0.0614525154,0.05772812,459.37502999999987,78.325767,514.68229386,130.281075,900,900
o-b84669e6c077458f8d54e18c0fabe960,cell,0,0.46301645,0.07962312,0.05774319,0.07329273,416.71480499999996,71.66080799999999,468.683676,137.62426499999998,900,900
o-683788fa1a8848e8ad34a1bb446251b4,cell,0,0.289492756,0.640940845,0.08325124,0.08059937,260.5434804,576.8467605000002,335.46959639999994,649.3861935000001,900,900
o-683788fa1a8848e8ad34a1bb446251b4,cell,0,0.3685259,0.5632159000000001,0.08565737,0.0776892453,331.67331,506.89430999999996,408.764943,576.81463077,900,900
o-683788fa1a8848e8ad34a1bb446251b4,cell,0,0.33609720000000004,0.6439712639999999,0.11532887800000001,0.09490806,302.48748,579.5741376000002,406.2834702,664.9913916,900,900
o-683788fa1a8848e8ad34a1bb446251b4,cell,0,0.490039855,0.435725838,0.10557769199999999,0.115537852,441.0358695000001,392.1532542,536.0557923,496.137321,900,900
o-0806796b4d1948a3a658006754fb3f65,cell,0,0.00548486225,0.17469538699999998,0.06100534,0.07634587,4.936376025,157.2258483,59.841182025,225.9371313,900,900
o-0806796b4d1948a3a658006754fb3f65,cell,0,0.008865638,0.9073597,0.0624230132,0.08911538,7.9790741999999995,816.62373,64.15978608,896.827572,900,900
o-8dfe61bd976f4cbd8d0ff62b8100322e,cell,0,0.9104715590000001,0.174878463,0.08951843,0.07810111,819.4244031000001,157.39061669999998,899.9909901000001,227.68161569999995,900,900
o-8dfe61bd976f4cbd8d0ff62b8100322e,cell,0,0.2988048,0.812219858,0.115537852,0.08964144,268.92432,730.9978722,372.9083868,811.6751681999998,900,900
o-8dfe61bd976f4cbd8d0ff62b8100322e,cell,0,0.38446214799999995,0.254450947,0.08366534,0.08366534,346.0159332,229.00585230000002,421.3147392,304.3046583,900,900
o-8dfe61bd976f4cbd8d0ff62b8100322e,cell,0,0.17030924600000003,0.150735751,0.0895189345,0.09847589999999999,153.2783214,135.6621759,233.84536245,224.29048590000002,900,900
o-8dfe61bd976f4cbd8d0ff62b8100322e,cell,0,0.1756858,0.29706279999999996,0.08417693,0.0789625347,158.11722,267.35652000000005,233.876457,338.42280123,900,900
o-8dfe61bd976f4cbd8d0ff62b8100322e,cell,0,0.0515771136,0.694213867,0.058295272300000006,0.07807797,46.41940224,624.7924803,98.88514731,695.0626533,900,900
o-8dfe61bd976f4cbd8d0ff62b8100322e,cell,0,0.3446215,0.332140177,0.09960160000000001,0.07171315,310.15935,298.92615930000005,399.80079,363.4679943,900,900
o-e0d0bb20f56942a9bee6d9d9b5e7a2c5,cell,0,0.17522113,0.37753143899999997,0.171322167,0.10614524800000001,157.699017,339.7782951000001,311.8889673,435.30901830000005,900,900
o-e0d0bb20f56942a9bee6d9d9b5e7a2c5,cell,0,0.7022229999999999,0.3104923,0.08938547,0.10614524800000001,632.0007,279.44307000000003,712.447623,374.9737932,900,900
o-e0d0bb20f56942a9bee6d9d9b5e7a2c5,cell,0,0.494086772,0.166647524,0.07481459,0.07353976,444.6780948,149.98277159999995,512.0112258,216.1685556,900,900
o-e0d0bb20f56942a9bee6d9d9b5e7a2c5,cell,0,0.830714643,0.6065816999999999,0.111731842,0.09497207,747.6431787,545.92353,848.2018365,631.3983929999999,900,900
o-e0d0bb20f56942a9bee6d9d9b5e7a2c5,cell,0,0.7897463,0.6382391,0.102420859,0.09124767,710.77167,574.4151899999998,802.9504431,656.5380929999999,900,900
o-c4fd419cdf224139a98378015f0d305a,cell,0,0.5603348000000001,0.384630084,0.05927372,0.09120482,504.30132,346.16707560000003,557.6476680000002,428.2514136,900,900
o-c4fd419cdf224139a98378015f0d305a,cell,0,0.884077668,0.543563366,0.06838441,0.103651762,795.6699012,489.20702939999995,857.2158701999999,582.4936152,900,900
o-c4fd419cdf224139a98378015f0d305a,cell,0,0.491336524,0.456898123,0.06930888,0.05803141,442.2028716,411.2083107,504.5808636,463.43657970000004,900,900
o-c4fd419cdf224139a98378015f0d305a,cell,0,0.1305284,0.221106842,0.0689013,0.08193669,117.47556,198.99615780000002,179.48673,272.7391788,900,900
o-c4fd419cdf224139a98378015f0d305a,cell,0,0.866739631,0.6631193,0.06920171,0.0966784954,780.0656679,596.80737,842.3472069000001,683.81801586,900,900
o-c4fd419cdf224139a98378015f0d305a,cell,0,0.22156564899999998,0.11016956,0.07617654,0.08469227,199.4090841,99.152604,267.9679701,175.375647,900,900
o-c4fd419cdf224139a98378015f0d305a,cell,0,0.166430354,0.09074801,0.0767423958,0.07476699,149.7873186,81.673209,218.85547482,148.9635,900,900
o-c4fd419cdf224139a98378015f0d305a,cell,0,0.4973813,0.2620752,0.0968342647,0.05772812,447.64317,235.86767999999998,534.79400823,287.822988,900,900
o-c4fd419cdf224139a98378015f0d305a,cell,0,0.46386173399999997,0.23228003100000003,0.0875232741,0.05586592,417.47556060000005,209.0520279,496.24650729000007,259.3313559,900,900
o-c4fd419cdf224139a98378015f0d305a,cell,0,0.223344684,0.21737033100000003,0.06365436,0.105667353,201.0102156,195.6332979,258.2991396,290.73391560000005,900,900
o-008fd610627047dab354a3f716063503,cell,0,0.532657564,0.20848720000000004,0.07617229,0.07456215,479.39180760000005,187.63848,547.9468686,254.744415,900,900
o-008fd610627047dab354a3f716063503,cell,0,0.5936255,0.1827378,0.0677290857,0.09960160000000001,534.26295,164.46402,595.2191271300002,254.10546000000002,900,900
o-008fd610627047dab354a3f716063503,cell,0,0.384111077,0.241407946,0.07559121,0.07563983,345.6999693,217.2671514,413.7320583,285.34299840000006,900,900
o-008fd610627047dab354a3f716063503,cell,0,0.49649750000000004,0.3644843,0.07619953,0.06730774,446.84775,328.03587000000005,515.427327,388.61283599999996,900,900
o-008fd610627047dab354a3f716063503,cell,0,0.7948206999999999,0.5652079000000001,0.09960160000000001,0.10358566,715.3386300000002,508.68711,804.9800700000002,601.9142039999998,900,900
o-008fd610627047dab354a3f716063503,cell,0,0.111553788,0.660825431,0.12350598,0.06374502,100.3984092,594.7428879,211.5537912,652.1134059,900,900
o-008fd610627047dab354a3f716063503,cell,0,0.6825915579999999,0.19891406600000003,0.09901732,0.09176426,614.3324022,179.0226594,703.4479902,261.6104934,900,900
o-3f7ebebfad3441b3b07eb9e59db9add2,cell,0,0.302224785,0.204423562,0.0660058856,0.0703789145,272.0023065,183.98120580000003,331.40760354,247.32222885,900,900
o-3f7ebebfad3441b3b07eb9e59db9add2,cell,0,0.0736556649,0.47511822,0.06653407,0.08622217,66.29009841,427.606398,126.17076141,505.20635099999987,900,900
o-3f7ebebfad3441b3b07eb9e59db9add2,cell,0,0.7788845,0.437717885,0.127490044,0.163346618,700.99605,393.9460965,815.7370896000001,540.9580526999998,900,900
o-3f7ebebfad3441b3b07eb9e59db9add2,cell,0,0.36317151799999997,0.204766721,0.0708380044,0.08051869,326.8543662,184.2900489,390.60857016,256.7568699,900,900
o-6b2857a5d4324906a291aac461bf85e7,cell,0,0.09826704,0.048260000000000004,0.06506509,0.06314631,88.440336,43.434,146.998917,100.265679,900,900
o-6b2857a5d4324906a291aac461bf85e7,cell,0,0.6932271,0.678753734,0.08366534,0.08366534,623.90439,610.8783606000002,699.203196,686.1771666000002,900,900
o-6b2857a5d4324906a291aac461bf85e7,cell,0,0.484531879,0.359999478,0.122402191,0.10666373400000001,436.0786911,323.9995302,546.240663,419.9968908,900,900
o-6b2857a5d4324906a291aac461bf85e7,cell,0,0.440239042,0.581144154,0.08167331,0.0776892453,396.2151378,523.0297386,469.72111680000006,592.95005937,900,900
o-6b2857a5d4324906a291aac461bf85e7,cell,0,0.410599351,0.71797353,0.05387756230000001,0.07329160000000001,369.5394159,646.1761769999998,418.02922197,712.138617,900,900
o-6b2857a5d4324906a291aac461bf85e7,cell,0,0.141818315,0.589149952,0.0542323,0.08164847,127.6364835,530.2349568,176.4455535,603.7185797999998,900,900
o-6b2857a5d4324906a291aac461bf85e7,cell,0,0.33665338200000006,0.632937,0.101593629,0.0537848622,302.9880438,569.6433,394.4223099,618.04967598,900,900
o-6b2857a5d4324906a291aac461bf85e7,cell,0,0.5101451,0.446164519,0.156532556,0.108675227,459.13059,401.5480671,600.0098904,499.3557714,900,900
o-6b2857a5d4324906a291aac461bf85e7,cell,0,0.39442232299999996,0.47158240000000007,0.087649405,0.115537852,354.98009069999995,424.42416,433.86455520000004,528.4082268,900,900
o-91a1f09556e14c03b9861e68f5146e7c,cell,0,0.784874737,0.00772533938,0.106736481,0.09720847,706.3872633,6.952805442000001,802.4500962000001,94.44042844200001,900,900
o-91a1f09556e14c03b9861e68f5146e7c,cell,0,0.0,0.158833414,0.0537848622,0.10557769199999999,0.0,142.9500726,48.40637598,237.9699954,900,900
o-91a1f09556e14c03b9861e68f5146e7c,cell,0,0.7114528,0.7924101,0.061204195,0.08925885,640.3075200000001,713.16909,695.3912955,793.5020549999998,900,900
o-e9796f241c0d4c709f1587ff1bfcb143,cell,0,0.21713148100000002,0.935725868,0.07968128,0.06374502,195.41833290000002,842.1532812,267.1314849,899.5237992000001,900,900
o-e9796f241c0d4c709f1587ff1bfcb143,cell,0,0.7517064,0.0939212143,0.058419465999999996,0.066551,676.53576,84.52909287,729.1132794,144.42499286999995,900,900
o-e9796f241c0d4c709f1587ff1bfcb143,cell,0,0.0,0.0032409279999999997,0.05542817,0.041256737,0.0,2.9168352000000004,49.885353,40.047898499999995,900,900
o-e9796f241c0d4c709f1587ff1bfcb143,cell,0,0.304456562,0.0182253048,0.06934026,0.06321367,274.01090580000005,16.402774320000002,336.41713980000003,73.29507732,900,900
o-e9796f241c0d4c709f1587ff1bfcb143,cell,0,0.256207883,0.04318475,0.09411904,0.07281378,230.5870947,38.866275,315.2942307,104.398677,900,900
o-e9796f241c0d4c709f1587ff1bfcb143,cell,0,0.21215630000000002,0.848233461,0.08622104,0.0807023048,190.94067,763.4101148999998,268.539606,836.04218922,900,900
o-e9796f241c0d4c709f1587ff1bfcb143,cell,0,0.248154789,0.41218102,0.07390422,0.07555002,223.3393101,370.962918,289.85310810000004,438.957936,900,900
o-e9796f241c0d4c709f1587ff1bfcb143,cell,0,0.44520592700000006,0.567825735,0.0834810138,0.08999658,400.6853343,511.0431615,475.8182467200001,592.0400835,900,900
o-dd4bd8141cb84f119e15014da80d8677,cell,0,0.07635604,0.36684075,0.0493778437,0.059573143700000004,68.72043599999999,330.156675,113.16049533,383.77250433,900,900
o-dd4bd8141cb84f119e15014da80d8677,cell,0,0.153386459,0.0,0.08167331,0.08512824,138.0478131,0.0,211.5537921,76.615416,900,900
o-dd4bd8141cb84f119e15014da80d8677,cell,0,0.35119414299999996,0.9090101,0.0619942546,0.08941311,316.0747287000001,818.10909,371.86955784,898.5808890000002,900,900
o-6d547c1a476a4b56a34ef534fa379e88,cell,0,0.33271116,0.5261408000000001,0.068608284,0.100067556,299.440044,473.52672,361.1874996,563.5875203999999,900,900
o-d142889cae7b40bd865dd51b949a8cd3,cell,0,0.878486037,0.6668016,0.06175299,0.06175299,790.6374333,600.12144,846.2151242999998,655.699131,900,900
o-d142889cae7b40bd865dd51b949a8cd3,cell,0,0.322709173,0.262419075,0.09163347,0.0657370538,290.4382557,236.17716749999997,372.9083787,295.34051592,900,900
o-d142889cae7b40bd865dd51b949a8cd3,cell,0,0.625498,0.511423051,0.08964144,0.07370518,562.9482,460.2807459,643.625496,526.6154078999998,900,900
o-d142889cae7b40bd865dd51b949a8cd3,cell,0,0.0036154054100000005,0.00499812141,0.06710781,0.0798549056,3.2538648689999996,4.498309269,63.650893868999994,76.367724309,900,900
o-d142889cae7b40bd865dd51b949a8cd3,cell,0,0.952191234,0.19867405300000002,0.047808766399999994,0.0657370538,856.9721106000002,178.80664769999996,900.0000003600002,237.96999612,900,900
o-d142889cae7b40bd865dd51b949a8cd3,cell,0,0.9302789,0.6468812,0.06374502,0.07370518,837.2510100000002,582.19308,894.6215279999999,648.527742,900,900
o-c4263616dcc948c6a668a6f7f7cdb1fd,cell,0,0.511952162,0.48552665100000003,0.19920320000000002,0.177290842,460.7569458,436.9739859,640.0398257999999,596.5357437000001,900,900
o-c4263616dcc948c6a668a6f7f7cdb1fd,cell,0,0.08684513,0.6740311379999999,0.0952059,0.096886754,78.160617,606.6280242,163.84592700000005,693.8261028000002,900,900
o-c4263616dcc948c6a668a6f7f7cdb1fd,cell,0,0.19920320000000002,0.867996752,0.08167331,0.087649405,179.28288,781.1970767999999,252.78885899999997,860.0815412999999,900,900
o-c4263616dcc948c6a668a6f7f7cdb1fd,cell,0,0.711400747,0.24109751,0.06928855,0.0661065,640.2606722999999,216.987759,702.6203673,276.483609,900,900
o-c4263616dcc948c6a668a6f7f7cdb1fd,cell,0,0.111553788,0.826164067,0.08366534,0.07171315,100.3984092,743.5476603,175.69721520000004,808.0894953,900,900
o-c4263616dcc948c6a668a6f7f7cdb1fd,cell,0,0.672108769,0.34455790000000003,0.06530768,0.07247156,604.8978921,310.10211,663.6748041000002,375.32651400000003,900,900
o-818ade2f13bb4ec9a3233a45c6026bb0,cell,0,0.139442235,0.7803473470000001,0.10557769199999999,0.08565737,125.4980115,702.3126123,220.51793430000004,779.4042453,900,900
o-818ade2f13bb4ec9a3233a45c6026bb0,cell,0,0.3431188,0.171334028,0.054412812000000005,0.06650686,308.80692,154.2006252,357.7784508,214.0567992,900,900
o-818ade2f13bb4ec9a3233a45c6026bb0,cell,0,0.4222932,0.8501715,0.06688434,0.06158328,380.06388,765.15435,440.259786,820.579302,900,900
o-818ade2f13bb4ec9a3233a45c6026bb0,cell,0,0.43505379999999994,0.275018543,0.10977891099999999,0.08657491,391.54842,247.5166887,490.3494399,325.4341077,900,900
o-818ade2f13bb4ec9a3233a45c6026bb0,cell,0,0.402223825,0.34404668200000005,0.08566406,0.109125584,362.0014425,309.64201380000003,439.0990965,407.8550394,900,900
o-818ade2f13bb4ec9a3233a45c6026bb0,cell,0,0.0017690695800000001,0.221182257,0.06280476,0.06933868,1.5921626219999998,199.0640313,58.116446622,261.4688433,900,900
o-857b99b07ba3447891ba5189e4e61114,cell,0,0.37848606700000004,0.27237922,0.111553788,0.101593629,340.6374603,245.141298,441.03586950000005,336.57556409999995,900,900
o-857b99b07ba3447891ba5189e4e61114,cell,0,0.7310757,0.03333541,0.0936255,0.11952191599999999,657.96813,30.001869000000006,742.23108,137.5715934,900,900
o-857b99b07ba3447891ba5189e4e61114,cell,0,0.8084473000000001,0.24272701100000002,0.0611540079,0.06442258,727.60257,218.4543099,782.6411771100002,276.43463189999994,900,900
o-857b99b07ba3447891ba5189e4e61114,cell,0,0.434262961,0.10305652,0.117529884,0.08167331,390.83666489999996,92.75086800000001,496.61356050000006,166.256847,900,900
o-44305b1c763d432788fcbe68038a4681,cell,0,0.5818327,0.7135073540000001,0.08345758,0.09679927,523.6494299999998,642.1566186000001,598.7612519999999,729.2759616000001,900,900
o-44305b1c763d432788fcbe68038a4681,cell,0,0.619220734,0.533358753,0.08072793,0.101926856,557.2986606000001,480.0228777,629.9537975999998,571.7570481,900,900
o-44305b1c763d432788fcbe68038a4681,cell,0,0.012759946299999998,0.151498735,0.090022184,0.06850007,11.48395167,136.3488615,92.50391727,197.99892450000002,900,900
o-44305b1c763d432788fcbe68038a4681,cell,0,0.156599164,0.276972771,0.10614524800000001,0.09124767,140.93924760000004,249.2754939,236.4699708,331.39839689999997,900,900
o-44305b1c763d432788fcbe68038a4681,cell,0,0.942058265,0.373625517,0.05793172,0.0781032443,847.8524385000002,336.2629653,899.9909865000002,406.55588517,900,900
o-44305b1c763d432788fcbe68038a4681,cell,0,0.398837745,0.298495352,0.08702198,0.0904310644,358.9539705,268.64581680000003,437.27375250000006,350.03377476,900,900
o-44305b1c763d432788fcbe68038a4681,cell,0,0.30929935,0.221106842,0.08007449,0.10614524800000001,278.369415,198.99615780000002,350.436456,294.526881,900,900
o-44305b1c763d432788fcbe68038a4681,cell,0,0.8623719999999999,0.345874071,0.07821229,0.07821229,776.1348,311.2866639,846.5258610000002,381.6777249,900,900
o-44305b1c763d432788fcbe68038a4681,cell,0,0.6816379,0.6706731,0.06326324,0.0614064932,613.47411,603.6057900000002,670.411026,658.8716338800001,900,900
o-44305b1c763d432788fcbe68038a4681,cell,0,0.6978726390000001,0.7589458,0.0672347546,0.0580490232,628.0853751,683.0512200000002,688.5966542399998,735.29534088,900,900
o-2b863568c23d4ba28d2c27de49a2a7a9,cell,0,0.197567508,0.794663668,0.11359404,0.0875232741,177.81075719999998,715.1973012,280.04539320000003,793.9682478899998,900,900
o-2b863568c23d4ba28d2c27de49a2a7a9,cell,0,0.8201501,0.6726937,0.06356621,0.07618433,738.13509,605.4243299999998,795.344679,673.9902269999999,900,900
o-2b863568c23d4ba28d2c27de49a2a7a9,cell,0,0.8332777,0.08396825,0.0597730279,0.0674291253,749.94993,75.57142499999998,803.74565511,136.25763777,900,900
o-2b863568c23d4ba28d2c27de49a2a7a9,cell,0,0.7022229999999999,0.6568609999999999,0.08193669,0.08193669,632.0007,591.1749,705.743721,664.917921,900,900
o-2b863568c23d4ba28d2c27de49a2a7a9,cell,0,0.4475303,0.808990538,0.0781197846,0.07028037,402.77727000000004,728.0914842,473.08507614,791.3438172,900,900
o-2b863568c23d4ba28d2c27de49a2a7a9,cell,0,0.158461362,0.124272577,0.122905031,0.09869646,142.61522580000002,111.8453193,253.2297537,200.6721333,900,900
o-f9f829d9b61f4426b43f2e3c3396d20a,cell,0,0.306772918,0.6827378000000001,0.11354582,0.109561756,276.0956262,614.46402,378.2868642,713.0696004,900,900
o-f9f829d9b61f4426b43f2e3c3396d20a,cell,0,0.7024997,0.151237935,0.124724448,0.08341417,632.24973,136.11414150000002,744.5017332,211.1868945,900,900
o-f9f829d9b61f4426b43f2e3c3396d20a,cell,0,0.4681275,0.549271643,0.09960160000000001,0.109561756,421.31475,494.3444787,510.95619000000005,592.9500591,900,900
o-f9f829d9b61f4426b43f2e3c3396d20a,cell,0,0.0,0.8779568999999999,0.107569724,0.10557769199999999,0.0,790.16121,96.8127516,885.1811328,900,900
o-f9f829d9b61f4426b43f2e3c3396d20a,cell,0,0.5318725000000001,0.8520605,0.07569721,0.07171315,478.68525,766.85445,546.812739,831.3962849999999,900,900
o-f9f829d9b61f4426b43f2e3c3396d20a,cell,0,0.79880476,0.9018613000000001,0.08366534,0.07370518,718.9242840000002,811.67517,794.2230900000002,878.0098320000001,900,900
o-f9f829d9b61f4426b43f2e3c3396d20a,cell,0,0.5478087660000001,0.8938931999999999,0.07370518,0.09760956470000001,493.0278894,804.5038800000002,559.3625513999998,892.3524882300002,900,900
o-1c025f3fa8744a0a92f733910dbffb93,cell,0,0.6698651999999999,0.358464867,0.06689399480000001,0.09996414,602.87868,322.6183803,663.08327532,412.5861063,900,900
o-1c025f3fa8744a0a92f733910dbffb93,cell,0,0.05565165,0.8624304,0.05182863769999999,0.058450877699999994,50.086485,776.18736,96.73225893,828.79314993,900,900
o-1c025f3fa8744a0a92f733910dbffb93,cell,0,0.7033809,0.11611960800000001,0.06821293,0.07030602,633.0428099999999,104.50764720000001,694.4344470000002,167.78306519999995,900,900
o-1c025f3fa8744a0a92f733910dbffb93,cell,0,0.1303471,0.07177541400000001,0.04600267,0.0471695662,117.31239,64.5978726,158.714793,107.05048218,900,900
o-1c025f3fa8744a0a92f733910dbffb93,cell,0,0.54574573,0.8020048000000001,0.06768501,0.06942260000000001,491.17115700000005,721.8043200000001,552.087666,784.2846599999998,900,900
o-7f6f226993124f5c8acd1ebdb8e0cf83,cell,0,0.29250429999999994,0.9278108,0.07662964,0.07093066,263.25387,835.02972,332.220546,898.8673140000001,900,900
o-7f6f226993124f5c8acd1ebdb8e0cf83,cell,0,0.457269669,0.42324733700000006,0.09167683,0.08292246,411.54270210000004,380.92260330000005,494.0518491,455.5528173,900,900
o-7f6f226993124f5c8acd1ebdb8e0cf83,cell,0,0.21513944899999998,0.46162226799999995,0.07171315,0.0776892453,193.6255041,415.4600412,258.1673391,485.38036197,900,900
o-7f6f226993124f5c8acd1ebdb8e0cf83,cell,0,0.153386459,0.48552665100000003,0.0936255,0.08366534,138.0478131,436.9739859,222.31076310000003,512.2727919,900,900
o-7f6f226993124f5c8acd1ebdb8e0cf83,cell,0,0.134285659,0.19988797600000002,0.0743909,0.08453648,120.85709309999999,179.89917839999995,187.8089031,255.9820104,900,900
o-7f6f226993124f5c8acd1ebdb8e0cf83,cell,0,0.4681275,0.6966820359999999,0.1494024,0.059760957999999996,421.31475,627.0138324,555.7769099999999,680.7986946000001,900,900
o-7f6f226993124f5c8acd1ebdb8e0cf83,cell,0,0.304083377,0.6395656,0.126608819,0.11311692,273.67503930000004,575.6090399999998,387.6229764,677.414268,900,900
o-7f6f226993124f5c8acd1ebdb8e0cf83,cell,0,0.5875994000000001,0.38215679999999996,0.06653327,0.07625064,528.8394599999999,343.94112,588.719403,412.566696,900,900
o-6e0d9b97264c46b8a2fcd313f6de16a5,cell,0,0.35929653,0.593812,0.07378638,0.0761569738,323.366877,534.4308,389.774619,602.97207642,900,900
o-6e0d9b97264c46b8a2fcd313f6de16a5,cell,0,0.0375302359,0.5565259,0.0960569754,0.06821801,33.77721231,500.87330999999995,120.22849017,562.2695190000001,900,900
o-6e0d9b97264c46b8a2fcd313f6de16a5,cell,0,0.06374502,0.609032631,0.08964144,0.109561756,57.370518000000004,548.1293678999999,138.047814,646.7349482999999,900,900
o-6e0d9b97264c46b8a2fcd313f6de16a5,cell,0,0.117605418,0.5269027,0.06815851,0.08608681,105.84487620000002,474.21242999999987,167.18753519999999,551.6905589999999,900,900
o-6e0d9b97264c46b8a2fcd313f6de16a5,cell,0,0.025896415099999997,0.463614285,0.07569721,0.08167331,23.30677359,417.2528565,91.43426259,490.7588355,900,900
o-6e0d9b97264c46b8a2fcd313f6de16a5,cell,0,0.229400292,0.6544183000000001,0.05880080000000001,0.0609874129,206.4602628,588.9764700000002,259.3809828,643.86514161,900,900
o-21347684342249d1aee35d7a234842e3,cell,0,0.7469617,0.748358548,0.0658447742,0.09018981460000002,672.2655299999999,673.5226932,731.5258267799999,754.6935263400002,900,900
o-21347684342249d1aee35d7a234842e3,cell,0,0.8169182540000001,0.661588132,0.08551848,0.08142024,735.2264286000001,595.4293187999999,812.1930606000001,668.7075348000002,900,900
o-21347684342249d1aee35d7a234842e3,cell,0,0.26371459999999997,0.708222747,0.105830491,0.076238215,237.34313999999998,637.4004722999998,332.59058189999996,706.0148657999998,900,900
o-21347684342249d1aee35d7a234842e3,cell,0,0.6240107,0.7015537620000001,0.14897579,0.0689013,561.6096299999999,631.3983857999999,695.687841,693.4095557999999,900,900
o-21347684342249d1aee35d7a234842e3,cell,0,0.675890565,0.10119923900000001,0.07453126,0.06867573,608.3015085,91.0793151,675.3796424999998,152.8874721,900,900
o-21347684342249d1aee35d7a234842e3,cell,0,0.249709025,0.5730621,0.109869644,0.08193669,224.7381225,515.75589,323.6208021,589.498911,900,900
o-21347684342249d1aee35d7a234842e3,cell,0,0.8400255999999999,0.8877735000000001,0.07448789480000001,0.05586592,756.02304,798.99615,823.06214532,849.2754779999998,900,900
o-e4664ea1b47e4833a7fd7bde1c04440e,cell,0,0.460159361,0.0154071217,0.06972112,0.059760957999999996,414.14342489999996,13.86640953,476.8924329,67.65127173,900,900
o-e4664ea1b47e4833a7fd7bde1c04440e,cell,0,0.0601024255,0.7172048000000001,0.0563873127,0.06084025,54.09218295,645.48432,104.84076438,700.240545,900,900
o-e4664ea1b47e4833a7fd7bde1c04440e,cell,0,0.45590640000000004,0.7767022,0.08386260000000001,0.06530565,410.31576,699.03198,485.7921,757.8070650000001,900,900
o-e4664ea1b47e4833a7fd7bde1c04440e,cell,0,0.27888447,0.5134151,0.08964144,0.08167331,250.996023,462.07359,331.673319,535.579569,900,900
o-e4664ea1b47e4833a7fd7bde1c04440e,cell,0,0.366533875,0.6528573000000001,0.087649405,0.08167331,329.8804875,587.5715700000001,408.764952,661.077549,900,900
o-e4664ea1b47e4833a7fd7bde1c04440e,cell,0,0.294860959,0.604197145,0.129986525,0.106117785,265.3748631,543.7774304999999,382.3627356,639.283437,900,900
o-e4664ea1b47e4833a7fd7bde1c04440e,cell,0,0.822709143,0.196682021,0.09561753,0.0776892453,740.4382287000001,177.01381890000005,826.4940057,246.93413967000004,900,900
o-e4664ea1b47e4833a7fd7bde1c04440e,cell,0,0.35856574799999996,0.49947086,0.07968128,0.06972112,322.7091732,449.523774,394.4223252,512.272782,900,900
o-e4664ea1b47e4833a7fd7bde1c04440e,cell,0,0.52589643,0.0213832166,0.0677290857,0.06175299,473.306787,19.24489494,534.26296413,74.82258594000002,900,900
o-a44afc59f17e45eeb8901584bce6ec11,cell,0,0.43779096,0.8840491,0.0707635,0.07821229,394.011864,795.64419,457.699014,866.035251,900,900
o-a44afc59f17e45eeb8901584bce6ec11,cell,0,0.534625232,0.7462465,0.0837988853,0.08566108,481.1627088,671.62185,556.58170557,748.716822,900,900
o-a44afc59f17e45eeb8901584bce6ec11,cell,0,0.0076233707400000005,0.478090078,0.0707635,0.0689013,6.861033666,430.28107019999993,70.548183666,492.2922402,900,900
o-c90d6ccfa412423fa49363b87f4e8706,cell,0,0.07460788,0.5467595000000001,0.06928009,0.06714386,67.147092,492.08355,129.49917299999998,552.513024,900,900
o-c90d6ccfa412423fa49363b87f4e8706,cell,0,0.345488429,0.668519735,0.07508412,0.08485931,310.9395861,601.6677615,378.5152941,678.0411405,900,900
o-c90d6ccfa412423fa49363b87f4e8706,cell,0,0.458275139,0.636376858,0.08938547,0.07635009,412.44762510000004,572.7391722,492.8945481,641.4542532,900,900
o-6baf452292274134b30eb08e832a74b7,cell,0,0.935093343,0.6795394,0.0533568263,0.0748617649,841.5840087000001,611.58546,889.60515237,678.96104841,900,900
o-6baf452292274134b30eb08e832a74b7,cell,0,0.260956168,0.117000744,0.08565737,0.07171315,234.8605512,105.3006696,311.9521842000001,169.84250459999998,900,900
o-6baf452292274134b30eb08e832a74b7,cell,0,0.6832669379999999,0.11301668,0.08565737,0.06374502,614.9402442,101.715012,692.0318772,159.08553,900,900
o-6baf452292274134b30eb08e832a74b7,cell,0,0.278734446,0.9452429,0.09271541,0.047212243099999995,250.8610014,850.71861,334.30487039999997,893.20962879,900,900
o-6baf452292274134b30eb08e832a74b7,cell,0,0.6314741,0.08114418,0.0936255,0.06175299,568.32669,73.02976199999998,652.58964,128.607453,900,900
o-6baf452292274134b30eb08e832a74b7,cell,0,0.42231077,0.6966820359999999,0.159362555,0.13745020000000002,380.079693,627.0138324,523.5059924999999,750.7190124,900,900
o-106651c0bc454620902dca3a71ac1b8a,cell,0,0.8609834999999999,0.752207458,0.08907193,0.085234344,774.8851500000002,676.9867121999998,855.0498869999999,753.6976218,900,900
o-106651c0bc454620902dca3a71ac1b8a,cell,0,0.32238364199999997,0.256439328,0.0852578,0.11039719,290.1452778000001,230.79539520000003,366.8772978,330.15286620000006,900,900
o-f54829baf5ba4a94a16569f70d0608a1,cell,0,0.8383879999999999,0.6277736429999999,0.07670373,0.0778588057,754.5492,564.9962787000002,823.5825570000002,635.0692038300001,900,900
o-f54829baf5ba4a94a16569f70d0608a1,cell,0,0.22550046399999998,0.208071455,0.08193669,0.08193669,202.9504176,187.2643095,276.69343860000004,261.0073305,900,900
o-f54829baf5ba4a94a16569f70d0608a1,cell,0,0.14378175099999999,0.345428377,0.06915647,0.10491871800000001,129.40357590000002,310.8855393,191.64439890000003,405.3123855,900,900
o-f54829baf5ba4a94a16569f70d0608a1,cell,0,0.13694979300000001,0.673042655,0.06846394,0.06338853,123.2548137,605.7383894999999,184.87235969999998,662.7880665,900,900
o-6e03283fad0c41ce91297245a811cdaa,cell,0,0.8120926620000001,0.42594856,0.12476722900000001,0.104283057,730.8833958,383.353704,843.1739018999999,477.2084553,900,900
o-6e03283fad0c41ce91297245a811cdaa,cell,0,0.8264164,0.9288803,0.07963973,0.06889522,743.77476,835.99227,815.450517,897.9979679999999,900,900
o-6e03283fad0c41ce91297245a811cdaa,cell,0,0.441515356,0.867289364,0.111731842,0.109869644,397.3638204,780.5604276,497.92247819999994,879.4431072000001,900,900
o-a21a4ae8684b491b8a9ddf705b4eef89,cell,0,0.18661704699999998,0.06517619999999999,0.10162028699999999,0.08871665,167.9553423,58.65858000000001,259.4136006,138.50356499999998,900,900
o-a21a4ae8684b491b8a9ddf705b4eef89,cell,0,0.18441087,0.379636765,0.05421686,0.09910962,165.969783,341.6730885,214.76495699999998,430.8717465,900,900
o-a21a4ae8684b491b8a9ddf705b4eef89,cell,0,0.35233834399999997,0.404153645,0.04844591,0.07454884,317.1045096000001,363.7382805,360.7058286,430.8322365,900,900
o-a21a4ae8684b491b8a9ddf705b4eef89,cell,0,0.029880478999999998,0.007438994,0.101593629,0.125498012,26.8924311,6.6950946,118.32669720000001,119.6433054,900,900
o-a21a4ae8684b491b8a9ddf705b4eef89,cell,0,0.7426302,0.04633184,0.0654240847,0.0792849362,668.36718,41.698656,727.24885623,113.05509858,900,900
o-a21a4ae8684b491b8a9ddf705b4eef89,cell,0,0.784860551,0.12098480800000001,0.0936255,0.0936255,706.3744958999998,108.88632720000001,790.6374459,193.1492772,900,900
o-b0c41d67a1a04482934ecbb9fb87a5ee,cell,0,0.6354930999999999,0.6224479,0.0725054145,0.08540386,571.94379,560.2031099999999,637.19866305,637.066584,900,900
o-b0c41d67a1a04482934ecbb9fb87a5ee,cell,0,0.6314595000000001,0.5265072,0.102420859,0.102420859,568.31355,473.85648,660.4923231,566.0352531000001,900,900
o-b0c41d67a1a04482934ecbb9fb87a5ee,cell,0,0.23603048899999998,0.35691651700000004,0.06260681,0.110211194,212.4274401,321.2248653,268.77356910000003,420.41493990000004,900,900
o-4ef3a2d5602f41cd9760189493fdbc73,cell,0,0.352589637,0.6966820359999999,0.08565737,0.101593629,317.3306733,627.0138324,394.4223063,718.4480985,900,900
o-4ef3a2d5602f41cd9760189493fdbc73,cell,0,0.501992047,0.6289529,0.06972112,0.07569721,451.7928423,566.0576100000002,514.5418503000001,634.185099,900,900
o-4ef3a2d5602f41cd9760189493fdbc73,cell,0,0.09522251,0.375061184,0.06613403,0.07043859,85.700259,337.55506560000003,145.220886,400.9497966,900,900
o-4ef3a2d5602f41cd9760189493fdbc73,cell,0,0.35856574799999996,0.630944967,0.10557769199999999,0.06374502,322.7091732,567.8504703,417.72909599999997,625.2209882999998,900,900
o-4ef3a2d5602f41cd9760189493fdbc73,cell,0,0.627490044,0.128952935,0.1494024,0.09561753,564.7410396,116.0576415,699.2031996000002,202.1134185,900,900
o-4ef3a2d5602f41cd9760189493fdbc73,cell,0,0.03187251,0.5034549,0.0776892453,0.09163347,28.685259000000002,453.10940999999997,98.60557977,535.5795330000002,900,900
o-9f713f6c539247588a71a0fe3c943b81,cell,0,0.283908874,0.786091566,0.05846867,0.05882769999999999,255.5179866,707.4824093999998,308.13978960000003,760.4273393999998,900,900
o-9f713f6c539247588a71a0fe3c943b81,cell,0,0.3375789,0.21834564199999998,0.06994921,0.07205027,303.82101,196.5110778,366.775299,261.3563208,900,900
o-9f713f6c539247588a71a0fe3c943b81,cell,0,0.5532471999999999,0.15406774,0.128491625,0.2141527,497.92248000000006,138.660966,613.5649425,331.398396,900,900
o-aa9931ba8fa6416eb01b6d13ae29cd21,cell,0,0.9212398,0.20389092,0.07014143469999999,0.07624167,829.1158200000001,183.501828,892.2431112300002,252.11933100000002,900,900
o-aa9931ba8fa6416eb01b6d13ae29cd21,cell,0,0.7828685000000001,0.48154259999999993,0.139442235,0.135458171,704.58165,433.38834,830.0796614999998,555.3006938999998,900,900
o-aa9931ba8fa6416eb01b6d13ae29cd21,cell,0,0.00263645127,0.2557208,0.0648276359,0.09145897630000001,2.372806143,230.14872000000003,60.717678453000005,312.46179867,900,900
o-a820ba5da0224a099fb7b1ecbb53adf6,cell,0,0.35957866899999996,0.6345147,0.100558661,0.06331471,323.6208021,571.06323,414.123597,628.046469,900,900
o-a820ba5da0224a099fb7b1ecbb53adf6,cell,0,0.090120174,0.127387941,0.060052536399999995,0.08594823,81.1081566,114.6491469,135.15543936,192.0025539,900,900
o-a820ba5da0224a099fb7b1ecbb53adf6,cell,0,0.27950418,0.5320938000000001,0.10614524800000001,0.0726257,251.553762,478.88442000000003,347.0844852,544.2475499999998,900,900
o-a820ba5da0224a099fb7b1ecbb53adf6,cell,0,0.8340200000000001,0.0232136957,0.0551447868,0.09913921,750.6179999999998,20.89232613,800.2483081199998,110.11761513,900,900
o-71916403b6f44e3492ba8aff59df912e,cell,0,0.422893375,0.010678538100000001,0.09869646,0.07448789480000001,380.6040375,9.61068429,469.43085149999996,76.64978960999998,900,900
o-71916403b6f44e3492ba8aff59df912e,cell,0,0.7130941,0.15380510000000003,0.0903154,0.07874998450000001,641.7846900000001,138.42459,723.06855,209.29957605,900,900
o-71916403b6f44e3492ba8aff59df912e,cell,0,0.322334737,0.44457054100000004,0.175046548,0.109869644,290.1012633,400.1134869,447.64315650000003,498.9961665,900,900
o-71916403b6f44e3492ba8aff59df912e,cell,0,0.35957866899999996,0.37380704299999995,0.08938547,0.07448789480000001,323.6208021,336.4263387000001,404.0677251,403.46544402,900,900
o-e47e6ef714b0476fa67cb30afa3c8077,cell,0,0.24770335899999998,0.3709147,0.0761876851,0.06868443,222.9330231,333.82323,291.5019396900001,395.639217,900,900
o-e47e6ef714b0476fa67cb30afa3c8077,cell,0,0.41235059999999996,0.6966820359999999,0.191235065,0.115537852,371.11554,627.0138324,543.2270985,730.9978991999999,900,900
o-e47e6ef714b0476fa67cb30afa3c8077,cell,0,0.3798647,0.8180939559999999,0.07943246,0.0735966,341.87823,736.2845603999999,413.367444,802.5215003999999,900,900
o-e47e6ef714b0476fa67cb30afa3c8077,cell,0,0.8538475,0.412114531,0.0567759871,0.07003799,768.46275,370.90307789999997,819.56113839,433.93726890000005,900,900
o-8525a5311e764f84a2f86733f4e15f1c,cell,0,0.43227089999999996,0.041303534100000004,0.117529884,0.101593629,389.04381,37.17318069,494.8207056,128.60744678999998,900,900
o-8525a5311e764f84a2f86733f4e15f1c,cell,0,0.108014673,0.0,0.0972392857,0.049045026299999996,97.2132057,0.0,184.72856283,44.14052367,900,900
o-8525a5311e764f84a2f86733f4e15f1c,cell,0,0.6323852,0.115526319,0.06265259,0.0671259761,569.14668,103.97368709999999,625.5340110000001,164.38706559000005,900,900
o-8525a5311e764f84a2f86733f4e15f1c,cell,0,0.494023919,0.118992776,0.10358566,0.09561753,444.62152710000004,107.09349840000002,537.8486211000001,193.1492754,900,900
o-8525a5311e764f84a2f86733f4e15f1c,cell,0,0.6513944,0.02536728,0.0557768941,0.07968128,586.25496,22.830551999999997,636.45416469,94.543704,900,900
o-7661dc78d7164014bbb963a9efed8bb9,cell,0,0.043451614699999995,0.6388904000000001,0.07196261,0.06976783,39.10645323,575.00136,103.87280223,637.792407,900,900
o-7661dc78d7164014bbb963a9efed8bb9,cell,0,0.5943688,0.389327466,0.0512377024,0.059490501900000006,534.93192,350.3947194,581.04585216,403.93617111,900,900
o-7661dc78d7164014bbb963a9efed8bb9,cell,0,0.8047809,0.266403139,0.08167331,0.09960160000000001,724.3028099999999,239.7628251,797.8087889999999,329.4042651000001,900,900
o-7661dc78d7164014bbb963a9efed8bb9,cell,0,0.42430280000000004,0.37795692700000005,0.0936255,0.07370518,381.87252,340.16123430000005,466.13547,406.4958963,900,900
o-7661dc78d7164014bbb963a9efed8bb9,cell,0,0.8883064,0.120439239,0.06936252,0.08079704,799.4757599999999,108.39531509999999,861.9020280000002,181.1126511,900,900
o-7661dc78d7164014bbb963a9efed8bb9,cell,0,0.557768941,0.9138135000000001,0.107569724,0.08565737,501.99204689999993,822.43215,598.8047985000001,899.523783,900,900
o-7661dc78d7164014bbb963a9efed8bb9,cell,0,0.103368826,0.7217907309999999,0.06678688,0.06449038,93.0319434,649.6116579000002,153.14013540000005,707.6529998999999,900,900
o-7661dc78d7164014bbb963a9efed8bb9,cell,0,0.5710786,0.8339308000000001,0.0763872862,0.0711558461,513.9707400000001,750.5377199999998,582.71929758,814.57798149,900,900
o-8650bc1ffc3a49bca30e6eb21d6abd44,cell,0,0.191235065,0.7584350000000001,0.12151394800000001,0.125498012,172.1115585,682.5915,281.4741117,795.5397107999999,900,900
o-8650bc1ffc3a49bca30e6eb21d6abd44,cell,0,0.63408643,0.7681856,0.07426917549999999,0.07404441,570.677787,691.3670400000001,637.5200449499998,758.0070089999998,900,900
o-8650bc1ffc3a49bca30e6eb21d6abd44,cell,0,0.18924303399999998,0.6110247,0.08565737,0.07569721,170.31873059999998,549.92223,247.41036359999998,618.0497190000001,900,900
o-8650bc1ffc3a49bca30e6eb21d6abd44,cell,0,0.8665339,0.7863234,0.0677290857,0.0776892453,779.88051,707.69106,840.83668713,777.61138077,900,900
o-8650bc1ffc3a49bca30e6eb21d6abd44,cell,0,0.621513963,0.5532557370000001,0.07569721,0.07370518,559.3625667,497.9301633,627.4900557,564.2648253,900,900
o-400573c4fd79480aadeb582c50350be3,cell,0,0.816836536,0.3756958,0.0615144968,0.0707517,735.1528824,338.1262200000001,790.51592952,401.80275000000006,900,900
o-400573c4fd79480aadeb582c50350be3,cell,0,0.749004,0.28034734699999997,0.07370518,0.10358566,674.1036,252.3126123,740.438262,345.5397063000001,900,900
o-400573c4fd79480aadeb582c50350be3,cell,0,0.6994668,0.7338401999999999,0.0615865,0.0714815259,629.52012,660.45618,684.94797,724.78955331,900,900
o-7a64e5aef8474fafa8a284cf1a0cccb5,cell,0,0.9472271999999999,0.8570916,0.038939476,0.083324194,852.5044800000002,771.3824400000001,887.5500083999999,846.3742146,900,900
o-7a64e5aef8474fafa8a284cf1a0cccb5,cell,0,0.304780871,0.40385332700000004,0.109561756,0.0776892453,274.30278389999995,363.4679943,372.9083643,433.38831507,900,900
o-7a64e5aef8474fafa8a284cf1a0cccb5,cell,0,0.5239043999999999,0.573176,0.06972112,0.07569721,471.51396000000005,515.8584,534.262968,583.9858889999998,900,900
o-7a64e5aef8474fafa8a284cf1a0cccb5,cell,0,0.40039840000000004,0.34807643299999996,0.087649405,0.0776892453,360.35856,313.2687897,439.2430245,383.18911047,900,900
o-7a64e5aef8474fafa8a284cf1a0cccb5,cell,0,0.40836653100000003,0.5891123,0.08964144,0.0776892453,367.5298779,530.2010700000002,448.2071739,600.1213907700002,900,900
o-7a64e5aef8474fafa8a284cf1a0cccb5,cell,0,0.19089610899999998,0.008804451999999999,0.08205448,0.104033679,171.8064981,7.924006800000001,245.6555301,101.5543179,900,900
o-7a64e5aef8474fafa8a284cf1a0cccb5,cell,0,0.09744847,0.122639574,0.09783393,0.0817128643,87.703623,110.3756166,175.75416,183.91719447,900,900
o-2016cb3ca9b849859ef01fa56b49d833,cell,0,0.0765246749,0.43898394700000004,0.119180635,0.0689013,68.87220741,395.0855523,176.13477891,457.0967223,900,900
o-2016cb3ca9b849859ef01fa56b49d833,cell,0,0.8903049000000001,0.9324662690000001,0.08566108,0.0675337538,801.27441,839.2196421,878.369382,900.00002052,900,900
o-2016cb3ca9b849859ef01fa56b49d833,cell,0,0.860995948,0.36623671700000004,0.07978201,0.0874007046,774.8963532,329.6130453,846.7001622000001,408.27367944,900,900
o-2016cb3ca9b849859ef01fa56b49d833,cell,0,0.609113157,0.301181346,0.08007449,0.08007449,548.2018413000002,271.06321139999994,620.2688823000002,343.13025239999996,900,900
o-2016cb3ca9b849859ef01fa56b49d833,cell,0,0.0634892955,0.37008264700000004,0.100558661,0.07635009,57.14036595,333.0743823,147.64316085000004,401.7894633,900,900
o-b50370aa739f4c94b39e4bb8c9adb330,cell,0,0.172898844,0.231015682,0.10328672800000001,0.07887912,155.6089596,207.9141138,248.5670148,278.9053218,900,900
o-b50370aa739f4c94b39e4bb8c9adb330,cell,0,0.6374512,0.0283533558,0.07857710000000001,0.08416080470000001,573.7060799999999,25.51802022,644.42547,101.26274445,900,900
o-b50370aa739f4c94b39e4bb8c9adb330,cell,0,0.26524654,0.14734979999999998,0.08119285,0.08572510000000001,238.721886,132.61482,311.795451,209.76741,900,900
o-b50370aa739f4c94b39e4bb8c9adb330,cell,0,0.7852482,0.103482515,0.0798648,0.07016009,706.7233799999998,93.1342635,778.6016999999998,156.2783445,900,900
o-b50370aa739f4c94b39e4bb8c9adb330,cell,0,0.2147551,0.00336692482,0.08037709,0.044756036299999996,193.27958999999998,3.030232338,265.618971,43.310665008,900,900
o-b50370aa739f4c94b39e4bb8c9adb330,cell,0,0.3250858,0.0017335005100000001,0.0778000355,0.040640782599999994,292.5772199999999,1.5601504590000002,362.59725195,38.136854799,900,900
o-b50370aa739f4c94b39e4bb8c9adb330,cell,0,0.00109945983,0.7283496,0.0679493,0.0762758851,0.989513847,655.51464,62.143883847000005,724.16293659,900,900
o-b50370aa739f4c94b39e4bb8c9adb330,cell,0,0.8212741,0.148593485,0.09498882,0.07960643,739.14669,133.7341365,824.636628,205.3799235,900,900
o-b50370aa739f4c94b39e4bb8c9adb330,cell,0,0.878508568,0.0,0.08600646,0.05000375,790.6577112000001,0.0,868.0635252000001,45.003375,900,900
o-b50370aa739f4c94b39e4bb8c9adb330,cell,0,0.3594077,0.0301877018,0.0516951978,0.0464485064,323.46693,27.16893162,369.99260802,68.97258738,900,900
o-84cc86174b6748c5bf4af15ffa6d5dda,cell,0,0.37133345,0.19351303600000003,0.118006334,0.08137986,334.200105,174.1617324,440.4058056,247.40360640000003,900,900
o-84cc86174b6748c5bf4af15ffa6d5dda,cell,0,0.7758961999999999,0.101045445,0.08389604,0.09609192609999999,698.3065799999999,90.9409005,773.8130160000002,177.42363398999996,900,900
o-84cc86174b6748c5bf4af15ffa6d5dda,cell,0,0.175587133,0.0,0.0941389352,0.08976892380000001,158.0284197,0.0,242.75346138,80.79203142,900,900
o-446ad5f7cd5344a3a42a4e4067323393,cell,0,0.8018896,0.025688272,0.0667716861,0.0778280944,721.70064,23.1194448,781.7951574900002,93.16472976,900,900
o-446ad5f7cd5344a3a42a4e4067323393,cell,0,0.9023904,0.005446962,0.07968128,0.0677290857,812.1513600000002,4.9022658,883.8645120000001,65.85844293,900,900
o-446ad5f7cd5344a3a42a4e4067323393,cell,0,0.467867851,0.411390662,0.0869816542,0.08429101,421.0810659,370.2515958,499.36455468,446.11350480000004,900,900
o-8534388a8fe04a65a019957e11ec22fa,cell,0,0.2549801,0.6807458000000001,0.087649405,0.115537852,229.48209,612.6712200000001,308.3665545,716.6552867999999,900,900
o-8534388a8fe04a65a019957e11ec22fa,cell,0,0.8446175459999999,0.00447690859,0.0688477755,0.0508890338,760.1557914,4.029217731,822.11878935,49.829348151000005,900,900
o-8534388a8fe04a65a019957e11ec22fa,cell,0,0.2370518,0.0193911847,0.10557769199999999,0.07569721,213.34662000000003,17.45206623,308.36654280000005,85.57955523,900,900
o-8534388a8fe04a65a019957e11ec22fa,cell,0,0.9224798000000001,0.356093615,0.06864083,0.053324997400000004,830.23182,320.4842535,892.008567,368.47675116,900,900
o-8534388a8fe04a65a019957e11ec22fa,cell,0,0.501992047,0.6807458000000001,0.07968128,0.0776892453,451.7928423,612.6712200000001,523.5059943,682.5915407699998,900,900
o-8534388a8fe04a65a019957e11ec22fa,cell,0,0.4422311,0.7066422,0.059760957999999996,0.09561753,398.00799,635.97798,451.79285219999997,722.033757,900,900
o-8534388a8fe04a65a019957e11ec22fa,cell,0,0.37250995600000003,0.724570453,0.06972112,0.0657370538,335.2589604,652.1134077,398.0079684,711.2767561200002,900,900
o-8534388a8fe04a65a019957e11ec22fa,cell,0,0.8915291,0.753228,0.08594757,0.06748515,802.3761900000001,677.9052,879.7290029999998,738.641835,900,900
o-66efdc9a0c104ac0b1af1177d3de869a,cell,0,0.0169343576,0.8766003000000001,0.0689013,0.07821229,15.240921840000002,788.94027,77.25209184,859.3313310000002,900,900
o-66efdc9a0c104ac0b1af1177d3de869a,cell,0,0.4843459,0.349598467,0.05586592,0.05027933,435.91130999999996,314.6386203,486.190638,359.8900173,900,900
o-66efdc9a0c104ac0b1af1177d3de869a,cell,0,0.45300442,0.7668965,0.058804214,0.06250459,407.703978,690.20685,460.6277706,746.4609810000002,900,900
o-66efdc9a0c104ac0b1af1177d3de869a,cell,0,0.000174581,0.47436568100000004,0.09310987,0.07448789480000001,0.15712289999999998,426.92911289999995,83.95600590000002,493.96821822,900,900
o-66efdc9a0c104ac0b1af1177d3de869a,cell,0,0.834439039,0.332838684,0.0614525154,0.115456238,750.9951351000002,299.55481560000004,806.3023989600001,403.4654298,900,900
o-66efdc9a0c104ac0b1af1177d3de869a,cell,0,0.5253143,0.286283761,0.11359404,0.0465549342,472.78287,257.6553849,575.0175059999999,299.55482568,900,900
o-66efdc9a0c104ac0b1af1177d3de869a,cell,0,0.5114531,0.77143687,0.06423795,0.07259625,460.30779,694.293183,518.121945,759.629808,900,900
o-66efdc9a0c104ac0b1af1177d3de869a,cell,0,0.8083682659999999,0.15592993800000002,0.128491625,0.130353823,727.5314394,140.33694419999998,843.1739018999998,257.6553849,900,900
o-66efdc9a0c104ac0b1af1177d3de869a,cell,0,0.6575302479999999,0.8766003000000001,0.102420859,0.115456238,591.7772232000001,788.94027,683.9559962999998,892.8508842000001,900,900
o-66efdc9a0c104ac0b1af1177d3de869a,cell,0,0.739466965,0.37753143899999997,0.108007446,0.08566108,665.5202684999998,339.7782951000001,762.7269699,416.8732671,900,900
o-66efdc9a0c104ac0b1af1177d3de869a,cell,0,0.008513361,0.3692114,0.08948445,0.07142007,7.6620249,332.2902600000001,88.19802990000001,396.56832300000013,900,900
o-66efdc9a0c104ac0b1af1177d3de869a,cell,0,0.7785731,0.5916840999999999,0.08193669,0.06517691,700.7157900000001,532.5156900000002,774.4588110000001,591.1749090000002,900,900
o-a6269b7730734ba98db26994aa8be2cd,cell,0,0.7821373,0.0109605454,0.07377374,0.08593017,703.92357,9.86449086,770.3199360000001,87.20164386,900,900
o-a6269b7730734ba98db26994aa8be2cd,cell,0,0.25533396,0.9273418,0.06803647,0.06910497,229.80056400000004,834.60762,291.03338700000006,896.802093,900,900
o-a6269b7730734ba98db26994aa8be2cd,cell,0,0.7996937,0.7196712,0.06227988,0.06938815,719.72433,647.70408,775.776222,710.153415,900,900
o-a6269b7730734ba98db26994aa8be2cd,cell,0,0.416334659,0.535327435,0.127490044,0.0776892453,374.7011931,481.7946915,489.4422327,551.71501227,900,900
o-6519422711584b858fa935015d539d7f,cell,0,0.5920293329999999,0.689021945,0.072966516,0.09427166,532.8263996999999,620.1197505,598.4962641,704.9642445000001,900,900
o-6519422711584b858fa935015d539d7f,cell,0,0.5758691,0.194427043,0.06295335,0.09025216,518.28219,174.9843387,574.940205,256.2112827,900,900
o-6519422711584b858fa935015d539d7f,cell,0,0.39123603700000004,0.0795798451,0.13407822,0.10614524800000001,352.1124333,71.62186059,472.7828313,167.15258379,900,900
o-6519422711584b858fa935015d539d7f,cell,0,0.6423167,0.593077958,0.06985897,0.0811364651,578.08503,533.7701622,640.9581029999998,606.79298079,900,900
o-6519422711584b858fa935015d539d7f,cell,0,0.8083682659999999,0.9138443000000002,0.09124767,0.08615573,727.5314394,822.45987,809.6543423999998,900.0000269999999,900,900
o-2aa3e30423cf4712949713d6bd8789f2,cell,0,0.008135719,0.4856388,0.05691179,0.0586597323,7.322147099999999,437.07492,58.5427581,489.86867907,900,900
o-2aa3e30423cf4712949713d6bd8789f2,cell,0,0.157370523,0.5213832,0.07968128,0.0776892453,141.6334707,469.24487999999997,213.34662269999998,539.1652007700002,900,900
o-2aa3e30423cf4712949713d6bd8789f2,cell,0,0.155495852,0.06947822,0.07760635,0.07787382,139.94626680000002,62.53039799999999,209.7919818,132.61683599999998,900,900
o-2aa3e30423cf4712949713d6bd8789f2,cell,0,0.9452556000000001,0.5789478,0.054529607300000005,0.0825054049,850.73004,521.0530200000002,899.80668657,595.30788441,900,900
o-2aa3e30423cf4712949713d6bd8789f2,cell,0,0.42031872299999995,0.766403139,0.08565737,0.06972112,378.2868507,689.7628251,455.3784837,752.5118331,900,900
o-2da398418fd74b8da80ce7ff7b6064a5,cell,0,0.8237108590000001,0.154779732,0.11485028300000001,0.0804649442,741.3397731000001,139.30175880000002,844.7050277999999,211.72020858,900,900
o-2da398418fd74b8da80ce7ff7b6064a5,cell,0,0.8247011999999999,0.8142119000000001,0.0936255,0.08167331,742.23108,732.79071,826.4940300000002,806.296689,900,900
o-2da398418fd74b8da80ce7ff7b6064a5,cell,0,0.12145733800000001,0.5441524999999999,0.08602968,0.0858040452,109.31160420000002,489.73725,186.7383162,566.96089068,900,900
o-b2cc89a790ea4e79a3c9d9c2b09b147c,cell,0,0.599601567,0.417797565,0.11952191599999999,0.141434267,539.6414103,376.0178085,647.2111347,503.3086488,900,900
o-b2cc89a790ea4e79a3c9d9c2b09b147c,cell,0,0.268108517,0.768246949,0.06505367,0.06725489999999999,241.2976653,691.4222541,299.84596830000004,751.9516641,900,900
o-b2cc89a790ea4e79a3c9d9c2b09b147c,cell,0,0.337553471,0.56185627,0.0703972,0.07946569,303.79812389999995,505.670643,367.15560389999996,577.1897640000002,900,900
o-b2cc89a790ea4e79a3c9d9c2b09b147c,cell,0,0.010821023999999999,0.5909134,0.0512092635,0.0616143942,9.7389216,531.8220600000002,55.82725875,587.2750147800001,900,900
o-b2cc89a790ea4e79a3c9d9c2b09b147c,cell,0,0.10358566,0.8620207000000001,0.08366534,0.09960160000000001,93.227094,775.81863,168.52589999999995,865.46007,900,900
o-470a601b4ca14a54977b580466770bfb,cell,0,0.27950418,0.3198033,0.09124767,0.12476722900000001,251.553762,287.82297,333.676665,400.1134761,900,900
o-470a601b4ca14a54977b580466770bfb,cell,0,0.343212962,0.4385057,0.0882736742,0.0724555254,308.89166580000006,394.65513,388.33797258,459.86510286,900,900
o-ced85a99a2d44570b93724054ffa1e8f,cell,0,0.2971152,0.09906422,0.08189884,0.08882431,267.40368,89.157798,341.112636,169.099677,900,900
o-ced85a99a2d44570b93724054ffa1e8f,cell,0,0.6798765999999999,0.409188777,0.0837988853,0.05586592,611.88894,368.2698993,687.3079367700002,418.5492273,900,900
o-ced85a99a2d44570b93724054ffa1e8f,cell,0,0.22177606800000002,0.5488536,0.152700186,0.102420859,199.5984612,493.96824,337.02862860000005,586.1470131000002,900,900
o-ced85a99a2d44570b93724054ffa1e8f,cell,0,0.285090774,0.498574257,0.09497207,0.06703911,256.5816966,448.7168313,342.0565596,509.0520303,900,900
o-ced85a99a2d44570b93724054ffa1e8f,cell,0,0.6240107,0.291870356,0.09310987,0.10614524800000001,561.6096299999999,262.6833204,645.4085130000002,358.2140436,900,900
o-e2473994eb0a4e01808a58b778bcc780,cell,0,0.39539113600000003,0.6153552,0.146399885,0.06551896,355.8520223999999,553.81968,487.6119188999999,612.786744,900,900
o-e2473994eb0a4e01808a58b778bcc780,cell,0,0.04356998,0.0007413216000000001,0.08562322,0.04094582,39.212982,0.6671894399999999,116.27388,37.51842744,900,900
o-e2473994eb0a4e01808a58b778bcc780,cell,0,0.2946244,0.456069946,0.054471254299999994,0.08205676,265.16196,410.4629514,314.18608887000005,484.3140353999999,900,900
o-3d244fb72f1840e186dbb634f9f3c219,cell,0,0.8738072509999999,0.020905788999999998,0.06858343,0.08901794,786.4265259,18.8152101,848.1516129,98.9313561,900,900
o-3d244fb72f1840e186dbb634f9f3c219,cell,0,0.011176249,0.21189229199999998,0.05815261,0.08198668,10.0586241,190.7030628,62.395973100000006,264.49107480000004,900,900
o-3d244fb72f1840e186dbb634f9f3c219,cell,0,0.489606529,0.6638092,0.15732601300000001,0.114441179,440.6458761,597.42828,582.2392877999999,700.4253411000001,900,900
o-3d244fb72f1840e186dbb634f9f3c219,cell,0,0.3821139,0.4466687,0.0680079758,0.08581552,343.90251,402.00183,405.10968822,479.23579800000005,900,900
o-3d244fb72f1840e186dbb634f9f3c219,cell,0,0.46386173399999997,0.874738157,0.119180635,0.09497207,417.47556060000005,787.2643413000002,524.7381321,872.7392043000001,900,900
o-348ceb9566a44f6cb91e40a2b8cf0658,cell,0,0.45257645799999996,0.603836358,0.08559239,0.08197397,407.3188122,543.4527222,484.3519632,617.2292952,900,900
o-348ceb9566a44f6cb91e40a2b8cf0658,cell,0,0.6025233,0.502326965,0.06459284,0.0698992,542.27097,452.0942685,600.404526,515.0035485000001,900,900
o-348ceb9566a44f6cb91e40a2b8cf0658,cell,0,0.42430280000000004,0.292299539,0.101593629,0.07171315,381.87252,263.0695851,473.30678610000007,327.61142010000003,900,900
o-348ceb9566a44f6cb91e40a2b8cf0658,cell,0,0.3625498,0.27237922,0.08167331,0.08366534,326.29482,245.141298,399.80079900000004,320.440104,900,900
o-348ceb9566a44f6cb91e40a2b8cf0658,cell,0,0.9382678,0.39842411899999997,0.05863583,0.0595973134,844.44102,358.5817071000001,897.213267,412.21928916,900,900
o-348ceb9566a44f6cb91e40a2b8cf0658,cell,0,0.23815798800000001,0.7361541,0.08354503,0.0768938661,214.3421892,662.5386900000001,289.5327162,731.74316949,900,900
o-c7be42bb64d242a284a9f3fc17c7a76c,cell,0,0.458934575,0.379693925,0.09421745,0.08955914,413.0411175,341.7245325,497.8368225,422.3277585,900,900
o-c7be42bb64d242a284a9f3fc17c7a76c,cell,0,0.719381332,0.591325462,0.07386351,0.07568526,647.4431988,532.1929158,713.9203577999999,600.3096498,900,900
o-c7be42bb64d242a284a9f3fc17c7a76c,cell,0,0.5476605999999999,0.362633854,0.05586592,0.0968342647,492.89454000000006,326.37046860000004,543.1738680000002,413.52130683,900,900
o-c7be42bb64d242a284a9f3fc17c7a76c,cell,0,0.59607774,0.8989466999999999,0.0689013,0.07821229,536.469966,809.05203,598.481136,879.443091,900,900
o-c7be42bb64d242a284a9f3fc17c7a76c,cell,0,0.17894552600000002,0.47250348299999995,0.0707635,0.0614525154,161.0509734,425.25313470000003,224.7381234,480.56039856,900,900
o-c0e617c56dca41628f558b3e2baa7057,cell,0,0.0219123513,0.826164067,0.0677290857,0.0677290857,19.72111617,743.5476603,80.6772933,804.50383743,900,900
o-c0e617c56dca41628f558b3e2baa7057,cell,0,0.0159362555,0.722578466,0.111553788,0.111553788,14.34262995,650.3206193999998,114.74103915,750.7190286,900,900
o-c0e617c56dca41628f558b3e2baa7057,cell,0,0.758591235,0.006877876999999999,0.0516142845,0.0783069953,682.7321115,6.1900892999999995,729.18496755,76.66638507,900,900
o-c0e617c56dca41628f558b3e2baa7057,cell,0,0.308764935,0.937717855,0.10358566,0.0622821227,277.8884415,843.9460695,371.1155355,899.99997993,900,900
o-c0e617c56dca41628f558b3e2baa7057,cell,0,0.8589148000000001,0.8362004000000001,0.0523939729,0.06523675,773.02332,752.5803599999998,820.1778956100002,811.2934349999998,900,900
o-8aeba2dcf232409784e6cbec743a8e52,cell,0,0.447715938,0.0,0.06114542480000001,0.046664096399999994,402.9443442,0.0,457.97522652,41.99768676,900,900
o-8aeba2dcf232409784e6cbec743a8e52,cell,0,0.641434252,0.9397099,0.14741036300000002,0.059760957999999996,577.2908267999999,845.7389099999999,709.9601534999998,899.5237722,900,900
o-8aeba2dcf232409784e6cbec743a8e52,cell,0,0.21513944899999998,0.06520792,0.0657370538,0.07171315,193.6255041,58.687128,252.78885252,123.228963,900,900
o-8aeba2dcf232409784e6cbec743a8e52,cell,0,0.6374502,0.391901135,0.12151394800000001,0.09760956470000001,573.7051799999998,352.71102149999996,683.0677331999998,440.55962973,900,900
o-8aeba2dcf232409784e6cbec743a8e52,cell,0,0.195219129,0.32018800000000003,0.07171315,0.08167331,175.6972161,288.1692,240.2390511,361.675179,900,900
o-8aeba2dcf232409784e6cbec743a8e52,cell,0,0.5139442,0.435725838,0.08964144,0.12350598,462.54978,392.1532542,543.2270759999999,503.30863619999997,900,900
o-8aeba2dcf232409784e6cbec743a8e52,cell,0,0.426294833,0.08313621,0.0776892453,0.087649405,383.6653497,74.82258900000002,453.58567047,153.7070535,900,900
o-8aeba2dcf232409784e6cbec743a8e52,cell,0,0.585657358,0.47755852299999996,0.131474108,0.101593629,527.0916222,429.80267069999996,645.4183194,521.2369368,900,900
o-93e14a14c5854b5f815d97adb174ec0e,cell,0,0.389930964,0.486712366,0.07901913,0.07353458,350.93786760000006,438.0411294,422.0550846,504.22225139999995,900,900
o-93e14a14c5854b5f815d97adb174ec0e,cell,0,0.478248149,0.7743614000000001,0.114655942,0.07456535,430.4233341,696.92526,533.6136819000002,764.034075,900,900
o-93e14a14c5854b5f815d97adb174ec0e,cell,0,0.340637445,0.7783553000000001,0.13745020000000002,0.07968128,306.5737005,700.51977,430.2788805,772.232922,900,900
o-93e14a14c5854b5f815d97adb174ec0e,cell,0,0.5896414520000001,0.47755852299999996,0.101593629,0.09760956470000001,530.6773068,429.80267069999996,622.1115728999999,517.65127893,900,900
o-d766140594064838ad03f1bf4157d0c0,cell,0,0.9530821,0.189397037,0.0469079,0.09938434,857.77389,170.45733330000002,899.9910000000001,259.9032393,900,900
o-d766140594064838ad03f1bf4157d0c0,cell,0,0.0139442235,0.07118402,0.09960160000000001,0.06972112,12.54980115,64.065618,102.19124115,126.814626,900,900
o-d766140594064838ad03f1bf4157d0c0,cell,0,0.011952191599999999,0.0213832166,0.06374502,0.059760957999999996,10.75697244,19.24489494,68.12749044,73.02975714,900,900
o-d766140594064838ad03f1bf4157d0c0,cell,0,0.844621539,0.1887139,0.111553788,0.09561753,760.1593851,169.84251,860.5577943000002,255.898287,900,900
o-d766140594064838ad03f1bf4157d0c0,cell,0,0.42426464,0.15806841900000002,0.13414076,0.120847821,381.838176,142.26157709999995,502.56485999999995,251.024616,900,900
o-d766140594064838ad03f1bf4157d0c0,cell,0,0.6354582,0.6887139,0.0677290857,0.06374502,571.91238,619.84251,632.86855713,677.2130279999999,900,900
o-d766140594064838ad03f1bf4157d0c0,cell,0,0.203672081,0.8957333559999999,0.09807819,0.09570205,183.3048729,806.1600204,271.5752439,892.2918653999999,900,900
o-20a3e00a273247d299cf711cb2e1353a,cell,0,0.621513963,0.7783553000000001,0.09561753,0.12151394800000001,559.3625667,700.51977,645.4183437,809.8823232000001,900,900
o-20a3e00a273247d299cf711cb2e1353a,cell,0,0.3007968,0.493494779,0.09760956470000001,0.08565737,270.71712,444.1453011,358.56572823,521.2369341,900,900
o-20a3e00a273247d299cf711cb2e1353a,cell,0,0.157370523,0.18472982899999998,0.109561756,0.0936255,141.6334707,166.25684610000005,240.2390511,250.5197961,900,900
o-20a3e00a273247d299cf711cb2e1353a,cell,0,0.0525343046,0.6223389,0.0593530238,0.06619102,47.28087414,560.10501,100.69859556,619.676928,900,900
o-20a3e00a273247d299cf711cb2e1353a,cell,0,0.21912351300000002,0.12098480800000001,0.115537852,0.09760956470000001,197.2111617,108.88632720000001,301.19522850000004,196.73493543,900,900
o-20a3e00a273247d299cf711cb2e1353a,cell,0,0.89641434,0.17676170000000002,0.08964144,0.10557769199999999,806.7729059999999,159.08553,887.450202,254.1054528,900,900
o-20a3e00a273247d299cf711cb2e1353a,cell,0,0.157217011,0.618324,0.06129758,0.07153999999999999,141.49530990000002,556.4916,196.66313190000002,620.8775999999998,900,900
o-20a3e00a273247d299cf711cb2e1353a,cell,0,0.7629482,0.08114418,0.09760956470000001,0.08366534,686.65338,73.02976199999998,774.5019882299998,148.328568,900,900
o-53b1790d203a4f3dae2f26912ce67de6,cell,0,0.57768923,0.32018800000000003,0.101593629,0.057768926,519.9203070000002,288.1692,611.3545731000003,340.16123339999996,900,900
o-53b1790d203a4f3dae2f26912ce67de6,cell,0,0.6075696999999999,0.360028625,0.087649405,0.0657370538,546.81273,324.0257625,625.6971945,383.18911092,900,900
o-53b1790d203a4f3dae2f26912ce67de6,cell,0,0.49203187200000004,0.1887139,0.14541833099999998,0.07370518,442.8286848,169.84251,573.7051827,236.177172,900,900
o-53b1790d203a4f3dae2f26912ce67de6,cell,0,0.9244566999999999,0.687247336,0.06047845,0.09098136429999999,832.01103,618.5226024,886.441635,700.40583027,900,900
o-53b1790d203a4f3dae2f26912ce67de6,cell,0,0.6563076999999999,0.17115429,0.06274378,0.06644496,590.6769300000002,154.038861,647.146332,213.839325,900,900
o-53b1790d203a4f3dae2f26912ce67de6,cell,0,0.7773679490000001,0.19341003899999998,0.0856331,0.07772967,699.6311541,174.0690351,776.7009441,244.0257381,900,900
o-53b1790d203a4f3dae2f26912ce67de6,cell,0,0.6859088000000001,0.123582631,0.07066929,0.074817,617.3179200000001,111.2243679,680.9202809999998,178.5596679,900,900
o-7633d8b70edb4bf38dc060d6aaf9f43c,cell,0,0.7729083999999999,0.47755852299999996,0.109561756,0.117529884,695.6175599999999,429.80267069999996,794.2231404,535.5795663,900,900
o-7633d8b70edb4bf38dc060d6aaf9f43c,cell,0,0.304780871,0.23054656399999998,0.07370518,0.09561753,274.30278389999995,207.4919076,340.6374459,293.5476846,900,900
o-7633d8b70edb4bf38dc060d6aaf9f43c,cell,0,0.2689243,0.266403139,0.07171315,0.0936255,242.03187000000003,239.7628251,306.57370499999996,324.0257751000001,900,900
o-7633d8b70edb4bf38dc060d6aaf9f43c,cell,0,0.0955292657,0.309396744,0.07147714,0.0686986744,85.97633913,278.45706960000007,150.30576513,340.28587656,900,900
o-3f4b62fb9b04401aa6ef92ed08423453,cell,0,0.210913181,0.673256457,0.0605707169,0.06563908,189.82186289999999,605.9308113000002,244.33550811,665.0059832999999,900,900
o-3f4b62fb9b04401aa6ef92ed08423453,cell,0,0.542665958,0.11139014400000001,0.09999718,0.109074444,488.39936219999987,100.2511296,578.3968242000001,198.41812919999998,900,900
o-3f4b62fb9b04401aa6ef92ed08423453,cell,0,0.747980952,0.9623239,0.0619251132,0.0376660824,673.1828568000002,866.09151,728.91545868,899.9909841599998,900,900
o-3f4b62fb9b04401aa6ef92ed08423453,cell,0,0.860842645,0.52450943,0.07067555,0.07507932,774.7583804999998,472.05848700000007,838.3663754999999,539.6298750000002,900,900
o-3f4b62fb9b04401aa6ef92ed08423453,cell,0,0.09759010369999999,0.469762981,0.07070787,0.07550907,87.83109333,422.7866829,151.46817633,490.7448459,900,900
o-3f4b62fb9b04401aa6ef92ed08423453,cell,0,0.861387551,0.492812,0.067518115,0.07486728,775.2487959,443.5308,836.0150993999999,510.911352,900,900
o-7f178557c8164dc0b8bc0013c6fcba06,cell,0,0.0,0.08765565,0.058187894500000004,0.07574347,0.0,78.890085,52.36910505,147.059208,900,900
o-7f178557c8164dc0b8bc0013c6fcba06,cell,0,0.37721726299999997,0.1960632,0.05713719,0.08291124,339.4955367,176.45687999999996,390.9190077,251.076996,900,900
o-c77401be84094dfaaea7514b34d3cf3d,cell,0,0.8308373,0.40495035100000004,0.07162130000000001,0.101587921,747.75357,364.4553159,812.2127399999998,455.8844448,900,900
o-361c00ff1c5845aebfec5e7ca053d4e3,cell,0,0.14342629999999998,0.3640127,0.0776892453,0.06972112,129.08366999999998,327.6114300000001,199.00399077000003,390.360438,900,900
o-361c00ff1c5845aebfec5e7ca053d4e3,cell,0,0.48804780000000003,0.07915214450000001,0.109561756,0.07968128,439.24302,71.23693005,537.8486004,142.95008205,900,900
o-361c00ff1c5845aebfec5e7ca053d4e3,cell,0,0.2310757,0.360028625,0.07171315,0.07370518,207.96813,324.0257625,272.50996499999997,390.3604245,900,900
o-51de745e5eed4c28a0c4be0aa0d379a9,cell,0,0.721851647,0.000241521746,0.06268597,0.0796243548,649.6664823,0.21736957140000002,706.0838553,71.87928889140001,900,900
o-51de745e5eed4c28a0c4be0aa0d379a9,cell,0,0.33909452,0.148481146,0.0968342647,0.0837988853,305.185068,133.63303140000002,392.33590623,209.05202817000003,900,900
o-51de745e5eed4c28a0c4be0aa0d379a9,cell,0,0.381925046,0.5730621,0.111731842,0.09497207,343.7325414,515.75589,444.29119919999994,601.230753,900,900
o-6ac3cca1d3134974a0b6ff342d14fd28,cell,0,0.07941808,0.07020893,0.08178462,0.07641826,71.47627200000002,63.188037,145.08243000000004,131.964471,900,900
o-6ac3cca1d3134974a0b6ff342d14fd28,cell,0,0.529880464,0.8142119000000001,0.08565737,0.107569724,476.8924176,732.79071,553.9840506,829.6034616000001,900,900
o-6ac3cca1d3134974a0b6ff342d14fd28,cell,0,0.733067751,0.055247757599999996,0.0657370538,0.06972112,659.7609759,49.72298184,718.92432432,112.47198984,900,900
o-6ac3cca1d3134974a0b6ff342d14fd28,cell,0,0.6932271,0.08512824,0.0557768941,0.05179283,623.90439,76.615416,674.10359469,123.228963,900,900
o-6ac3cca1d3134974a0b6ff342d14fd28,cell,0,0.553177834,0.35469204200000004,0.049816966100000006,0.09004745,497.8600506,319.2228378,542.69532009,400.26554280000005,900,900
o-6ac3cca1d3134974a0b6ff342d14fd28,cell,0,0.328064173,0.8711669,0.0875206,0.06667942,295.2577557,784.05021,374.0262957,844.0616880000001,900,900
o-6ac3cca1d3134974a0b6ff342d14fd28,cell,0,0.7414163,0.130224645,0.06451595,0.06742979589999999,667.27467,117.2021805,725.339025,177.88899681,900,900
o-fca0eb709a5344edb8a054c756f1e8e2,cell,0,0.6115538,0.5413034999999999,0.09561753,0.09960160000000001,550.39842,487.17315,636.454197,576.8145900000002,900,900
o-fca0eb709a5344edb8a054c756f1e8e2,cell,0,0.7928286999999999,0.1887139,0.0657370538,0.08565737,713.54583,169.84251,772.7091784200002,246.934143,900,900
o-fca0eb709a5344edb8a054c756f1e8e2,cell,0,0.8386454,0.21859437199999998,0.07370518,0.09760956470000001,754.78086,196.7349348,821.1155219999998,284.58354303,900,900
o-fca0eb709a5344edb8a054c756f1e8e2,cell,0,0.46128693200000004,0.5038239000000001,0.07227799,0.06641358,415.15823880000005,453.44150999999994,480.20842980000003,513.2137319999998,900,900
o-f5dd5bfb002a4359a38311a39426b69f,cell,0,0.2882098,0.0,0.09375465,0.06039016,259.38882,0.0,343.76800499999996,54.351144,900,900
o-f5dd5bfb002a4359a38311a39426b69f,cell,0,0.5947826,0.297238022,0.11338751,0.09209469,535.30434,267.51421980000003,637.353099,350.39944080000004,900,900
o-f5dd5bfb002a4359a38311a39426b69f,cell,0,0.347904235,0.735313,0.0724828243,0.0813179,313.1138115,661.7817,378.34835337,734.96781,900,900
o-27776c5478544ea4bdcc31722452c384,cell,0,0.0,0.06429885,0.06136494,0.06869299999999999,0.0,57.868965,55.228446,119.69266499999999,900,900
o-27776c5478544ea4bdcc31722452c384,cell,0,0.26088222899999997,0.24345322,0.100558661,0.108007446,234.7940061,219.107898,325.29680099999996,316.3145994,900,900
o-27776c5478544ea4bdcc31722452c384,cell,0,0.275779784,0.586097538,0.05959031730000001,0.05214153,248.2018056,527.4877842,301.83309117,574.4151612000001,900,900
o-27776c5478544ea4bdcc31722452c384,cell,0,0.7232566,0.748346269,0.07736778,0.07536286,650.9309400000002,673.5116421,720.561942,741.3382161000002,900,900
o-27776c5478544ea4bdcc31722452c384,cell,0,0.306984276,0.547213733,0.0688537359,0.07539493,276.28584839999996,492.4923597,338.25421071000005,560.3477967,900,900
